경기도 가평군 가평읍,5,1,9,192,5,1,0,3,0,1,0,0,5,1,1,5,0,0,8
경기도 가평군 북면,0,0,1,22,0,0,0,2,0,0,0,0,0,0,1,0,0,0,0
경기도 가평군 상면,0,0,0,43,1,0,0,3,0,0,0,0,0,0,0,0,0,0,0
경기도 가평군 설악면,1,0,3,84,2,0,0,4,0,2,1,0,2,1,2,0,0,0,3
경기도 가평군 조종면,1,0,3,90,1,0,0,1,0,1,1,0,4,1,1,1,0,0,4
경기도 가평군 청평면,2,0,6,126,8,0,0,3,0,1,2,0,3,1,1,3,0,0,3
경기도 가평군 하면,0,0,0,2,0,0,0,0,0,0,0,0,0,0,0,0,0,0,0
경기도 경기도 용인시,0,0,0,39,0,0,0,0,0,0,0,0,0,0,0,0,0,0,0
경기도 경기도 화성시,0,0,1,0,0,0,0,0,0,0,0,0,0,0,0,0,0,0,0
경기도 고양시 일산서경기도,0,0,1,0,0,0,0,0,0,0,0,0,0,0,0,0,0,0,0
경기도 고양시덕양구 ,0,0,1,0,0,0,0,0,0,0,0,0,0,0,0,0,0,0,0
경기도 고양시덕양구 강매동,0,0,0,13,0,0,0,0,0,0,0,0,0,0,0,0,0,0,0
경기도 고양시덕양구 고양동,2,6,15,102,1,0,0,2,0,1,0,0,6,0,1,2,12,0,7
경기도 고양시덕양구 관산동,2,1,9,56,0,0,0,1,0,1,0,0,4,0,1,0,0,0,4
경기도 고양시덕양구 내곡동,0,0,0,9,0,0,0,0,0,0,0,0,0,0,0,0,0,0,0
경기도 고양시덕양구 내유동,1,2,3,41,0,0,0,1,0,0,1,0,2,0,0,0,0,0,1
경기도 고양시덕양구 대자동,0,0,0,22,0,0,0,0,0,0,0,0,0,0,0,0,0,0,0
경기도 고양시덕양구 대장동,0,0,0,13,0,0,0,1,0,0,0,0,0,0,0,0,0,0,0
경기도 고양시덕양구 덕은동,0,0,0,29,0,0,0,0,0,0,0,0,0,0,0,0,0,0,0
경기도 고양시덕양구 도내동,2,3,7,38,0,0,0,2,0,1,0,0,3,0,1,0,0,0,8
경기도 고양시덕양구 동산동,1,1,2,55,0,0,0,1,0,1,0,1,0,0,0,0,0,0,2
경기도 고양시덕양구 벽제동,0,1,0,11,1,0,0,0,0,0,1,0,0,0,0,0,0,0,0
경기도 고양시덕양구 삼송동,4,1,12,103,1,0,0,0,0,1,0,0,5,1,1,0,0,0,5
경기도 고양시덕양구 선유동,0,0,0,4,0,0,0,0,0,0,0,0,0,0,0,0,0,0,0
경기도 고양시덕양구 성사동,2,5,20,139,1,0,0,2,0,1,1,0,14,0,1,3,16,0,14
경기도 고양시덕양구 신도동,0,0,0,7,0,0,0,0,0,0,0,0,0,0,0,0,0,0,0
경기도 고양시덕양구 신원동,2,3,6,74,0,0,0,1,0,0,1,0,4,1,1,0,0,0,5
경기도 고양시덕양구 신평동,0,0,0,4,0,0,0,0,0,0,0,0,0,0,0,0,0,0,0
경기도 고양시덕양구 오금동,0,0,0,81,0,0,0,0,0,0,0,0,0,0,0,0,0,0,0
경기도 고양시덕양구 용두동,0,0,0,21,0,0,0,1,0,0,0,0,0,0,0,0,0,0,0
경기도 고양시덕양구 원당동,0,0,0,12,0,0,0,0,0,0,0,0,0,0,0,0,0,0,0
경기도 고양시덕양구 원흥동,1,2,1,52,3,0,0,1,0,0,0,0,0,0,0,0,0,0,1
경기도 고양시덕양구 주교동,1,2,9,143,3,0,0,1,0,0,1,0,6,0,1,3,0,0,5
경기도 고양시덕양구 지축동,0,1,0,17,0,0,0,1,0,0,0,0,0,0,0,1,0,0,0
경기도 고양시덕양구 토당동,3,2,12,213,0,0,0,2,0,1,0,0,7,0,1,0,15,0,8
경기도 고양시덕양구 행신동,8,10,51,388,0,0,0,10,0,4,2,0,23,2,5,10,61,0,30
경기도 고양시덕양구 행주내동,0,0,0,28,0,0,0,1,0,0,0,0,0,0,0,2,0,0,0
경기도 고양시덕양구 행주동,0,0,0,8,0,0,0,0,0,0,0,0,0,0,0,0,0,0,0
경기도 고양시덕양구 행주외동,0,0,0,26,0,0,0,0,0,0,0,0,0,0,0,0,0,0,0
경기도 고양시덕양구 향동동,0,2,0,0,0,0,0,0,0,0,0,0,0,0,0,0,0,0,0
경기도 고양시덕양구 현천동,0,0,0,12,0,0,0,0,0,0,0,0,0,0,0,0,0,0,0
경기도 고양시덕양구 화전동,1,1,1,31,0,0,0,1,0,0,0,0,0,0,1,0,0,0,0
경기도 고양시덕양구 화정1동,0,0,0,0,0,0,0,0,1,0,0,0,0,0,0,0,0,0,0
경기도 고양시덕양구 화정2동,0,0,0,5,0,0,0,0,0,0,1,0,0,0,0,0,0,0,0
경기도 고양시덕양구 화정동,7,7,56,281,1,0,0,6,0,2,2,1,29,2,4,2,57,1,26
경기도 고양시덕양구 효자동,0,0,0,9,0,0,0,0,0,0,0,0,0,0,0,0,0,0,0
경기도 고양시일산동구 ,0,0,0,2,0,0,0,0,0,0,0,0,0,0,0,0,0,0,2
경기도 고양시일산동구 고봉로,0,0,0,4,0,0,0,0,0,0,0,0,0,0,0,0,0,0,0
경기도 고양시일산동구 마두1동,0,0,11,0,0,0,0,0,1,0,0,0,5,0,0,0,0,0,8
경기도 고양시일산동구 마두2동,0,0,14,0,0,0,0,0,0,0,1,0,5,0,0,0,0,0,3
경기도 고양시일산동구 마두동,6,9,10,156,4,0,0,4,0,2,1,0,9,2,3,2,40,1,11
경기도 고양시일산동구 문봉동,1,0,0,3,1,0,0,1,0,0,0,0,0,0,0,0,0,0,0
경기도 고양시일산동구 백석1동,0,0,3,0,0,0,0,0,1,0,0,0,0,0,0,0,0,0,0
경기도 고양시일산동구 백석2동,0,0,6,0,0,0,0,0,0,0,1,0,1,0,0,0,0,0,1
경기도 고양시일산동구 백석동,5,7,11,206,9,0,0,3,0,2,4,1,8,1,1,3,25,0,12
경기도 고양시일산동구 사리현동,0,0,1,14,0,0,0,1,0,0,0,0,0,0,0,0,0,0,0
경기도 고양시일산동구 산황동,0,0,0,5,0,0,0,0,0,0,0,0,0,0,0,0,0,0,0
경기도 고양시일산동구 설문동,0,0,0,0,0,0,1,0,0,0,0,0,0,0,0,0,0,0,0
경기도 고양시일산동구 성석동,0,0,0,4,3,0,1,0,0,0,0,0,0,0,0,0,0,0,0
경기도 고양시일산동구 식사동,5,4,5,174,4,0,0,3,1,2,0,0,3,1,1,0,0,0,4
경기도 고양시일산동구 일산동,0,0,0,0,0,0,0,0,0,0,0,0,1,0,0,0,0,0,0
경기도 고양시일산동구 장항1동,0,0,4,0,0,0,0,0,0,0,0,0,0,0,0,0,0,0,2
경기도 고양시일산동구 장항2동,0,0,2,0,0,0,0,0,0,0,0,0,3,0,0,0,0,0,2
경기도 고양시일산동구 장항동,10,17,48,235,4,0,0,1,0,0,2,0,13,0,0,9,48,4,25
경기도 고양시일산동구 정발산동,7,1,7,159,4,0,0,2,0,1,0,0,8,0,1,0,0,0,6
경기도 고양시일산동구 중산동,3,3,13,186,6,0,0,5,0,2,3,0,4,0,2,4,0,0,10
경기도 고양시일산동구 지영동,0,0,0,5,1,0,0,0,0,0,0,0,0,0,0,0,0,0,0
경기도 고양시일산동구 풍동,2,4,17,91,1,0,0,3,0,2,0,0,6,1,2,3,12,0,8
경기도 고양시일산동구 풍산동,0,0,0,8,0,0,0,0,0,0,0,0,0,0,0,0,0,0,0
경기도 고양시일산서구 ,0,0,1,0,0,0,0,0,0,0,0,0,1,0,0,0,0,0,0
경기도 고양시일산서구 가좌동,2,2,4,51,3,0,0,2,0,1,0,0,3,0,1,0,8,0,3
경기도 고양시일산서구 고양대로632번길,0,0,0,0,0,0,0,0,0,0,0,0,0,0,0,0,0,2,0
경기도 고양시일산서구 구산동,0,0,0,13,0,0,0,0,0,0,0,0,0,0,0,0,0,0,0
경기도 고양시일산서구 대화동,7,9,27,305,19,0,0,5,1,3,1,1,13,1,3,3,23,0,15
경기도 고양시일산서구 덕이동,2,3,6,110,6,0,0,3,0,3,2,0,2,1,1,0,4,0,3
경기도 고양시일산서구 법곳동,0,0,0,22,0,0,0,0,0,0,0,0,0,0,0,0,0,0,0
경기도 고양시일산서구 일산1동,0,0,1,0,0,0,0,0,0,0,0,0,2,0,0,0,0,0,0
경기도 고양시일산서구 일산2동,0,0,4,0,0,0,0,0,0,0,0,0,0,0,0,0,0,0,1
경기도 고양시일산서구 일산3,0,0,1,0,0,0,0,0,0,0,0,0,0,0,0,0,0,0,0
경기도 고양시일산서구 일산3동,0,0,2,0,0,0,0,0,0,0,0,0,0,0,0,0,0,0,6
경기도 고양시일산서구 일산동,8,11,33,244,14,0,1,4,0,2,0,0,15,1,3,4,18,2,17
경기도 고양시일산서구 주엽1동,0,0,4,0,0,0,0,0,0,0,0,0,2,0,0,0,0,0,1
경기도 고양시일산서구 주엽2동,0,0,2,0,0,0,0,0,0,0,0,0,2,0,0,0,0,0,1
경기도 고양시일산서구 주엽동,7,9,60,135,7,0,0,6,0,2,2,0,33,1,3,0,32,4,28
경기도 고양시일산서구 탄현동,5,8,23,169,8,1,0,4,0,1,0,0,10,0,2,6,0,0,14
경기도 고양시일산서구 풍산동,0,0,0,5,0,0,0,0,0,0,0,0,0,0,0,0,0,0,0
경기도 과천시 갈현동,0,0,0,30,0,0,0,0,0,1,0,0,0,1,0,3,4,0,0
경기도 과천시 과천동,1,0,1,103,0,0,0,0,0,0,0,0,0,0,0,23,0,0,0
경기도 과천시 관문동,0,0,0,8,0,0,0,0,0,0,0,0,0,0,0,1,0,0,0
경기도 과천시 막계동,1,0,0,3,0,0,0,0,0,0,0,0,0,0,0,2,0,0,0
경기도 과천시 문원동,0,0,1,113,1,2,0,0,0,0,0,0,0,1,0,16,0,0,0
경기도 과천시 별양동,1,1,23,90,3,0,0,2,0,1,0,0,6,1,1,25,10,0,10
경기도 과천시 부림동,0,2,1,54,1,0,0,1,0,0,0,0,1,0,0,10,0,0,2
경기도 과천시 원문동,1,0,4,7,0,0,0,0,0,0,0,0,4,0,0,0,0,0,2
경기도 과천시 주암동,4,0,0,63,2,0,0,0,0,0,0,0,1,0,0,10,0,0,0
경기도 과천시 중앙동,0,0,5,65,0,0,0,1,0,2,0,0,2,0,1,16,10,0,3
경기도 과천시과천동,0,0,0,0,0,0,0,0,0,0,0,0,0,0,0,1,0,0,0
경기도 광명시 가학동,0,0,0,0,1,0,0,1,0,0,0,0,0,0,0,0,0,0,0
경기도 광명시 광명1동,0,0,1,4,0,0,0,0,0,0,0,0,0,0,0,2,0,0,1
경기도 광명시 광명2동,0,0,0,0,0,0,0,0,0,0,0,0,4,0,0,0,0,0,1
경기도 광명시 광명3동,0,0,17,10,0,0,0,0,0,0,0,0,5,0,0,3,0,0,2
경기도 광명시 광명4동,0,0,17,0,0,0,0,0,0,0,0,0,8,0,0,2,0,0,10
경기도 광명시 광명5동,0,0,2,18,0,0,0,0,0,0,0,0,2,0,0,2,0,0,0
경기도 광명시 광명6동,0,0,1,19,0,0,0,0,0,0,0,0,1,0,0,1,0,0,3
경기도 광명시 광명7동,0,0,4,22,0,0,0,0,0,0,0,0,3,0,0,1,0,0,2
경기도 광명시 광명동,4,9,25,0,9,1,1,5,0,3,1,1,6,1,2,2,69,4,14
경기도 광명시 노온사동,0,0,0,0,0,0,0,1,0,0,0,0,0,0,0,0,0,0,0
경기도 광명시 소하1동,0,0,12,8,0,0,0,0,0,0,0,0,6,0,0,0,0,0,7
경기도 광명시 소하2동,0,0,5,23,0,0,0,0,0,0,0,0,4,0,0,1,0,0,4
경기도 광명시 소하동,7,6,11,0,10,0,0,4,0,5,1,0,5,1,3,4,6,1,9
경기도 광명시 일직동,0,0,1,0,4,0,0,0,0,0,0,0,0,0,0,0,0,0,0
경기도 광명시 철산1동,0,0,2,9,0,0,0,0,0,0,0,0,2,0,0,3,0,0,3
경기도 광명시 철산2동,0,0,2,30,0,0,0,0,0,0,0,0,2,0,0,0,0,0,3
경기도 광명시 철산3동,0,0,24,24,0,0,0,0,0,0,0,0,9,0,0,0,0,0,15
경기도 광명시 철산4동,0,0,2,9,0,0,0,0,0,0,0,0,2,0,0,0,0,0,1
경기도 광명시 철산동,4,4,22,0,5,0,0,6,1,2,0,0,5,1,3,7,22,0,13
경기도 광명시 하안1동,0,0,5,18,0,0,0,0,0,0,0,0,0,0,0,0,0,0,5
경기도 광명시 하안2동,0,0,8,12,0,0,0,0,0,0,0,0,3,0,0,0,0,0,4
경기도 광명시 하안3동,0,0,11,18,0,0,0,0,0,0,1,0,4,0,0,0,0,0,3
경기도 광명시 하안4동,0,0,7,16,0,0,0,0,0,0,0,0,5,0,0,0,0,0,3
경기도 광명시 하안동,3,5,9,0,7,0,0,7,0,1,0,0,4,1,3,5,10,0,4
경기도 광명시 학온동,0,0,0,19,0,0,0,0,0,0,0,0,0,0,0,0,0,0,0
경기도 광주시 경안1동,0,0,1,0,0,0,0,0,0,0,0,0,0,0,0,0,0,0,0
경기도 광주시 경안동,3,8,19,104,10,0,0,2,1,0,2,0,9,2,1,7,18,2,12
경기도 광주시 곤지암읍,4,5,13,117,17,0,1,3,0,1,0,0,5,1,1,4,0,0,7
경기도 광주시 남종면,0,0,0,20,0,0,0,1,0,0,0,0,0,0,0,1,0,0,0
경기도 광주시 남한산성면,0,0,0,51,1,0,0,3,0,0,0,0,1,0,0,1,0,0,0
경기도 광주시 도척면,0,0,1,60,7,1,0,2,0,0,0,0,1,0,1,1,0,0,1
경기도 광주시 목동,0,0,0,4,1,0,0,0,0,0,0,0,0,0,0,0,0,0,0
경기도 광주시 목현동,0,0,0,18,6,0,0,0,0,0,0,1,0,0,0,1,0,0,0
경기도 광주시 삼동,0,0,0,18,3,0,0,0,0,0,0,0,0,0,0,0,0,0,0
경기도 광주시 송정동,3,0,1,53,9,0,0,0,0,3,0,0,2,0,1,8,0,1,2
경기도 광주시 쌍령동,1,1,0,30,4,0,0,1,0,0,0,0,2,0,0,0,0,0,0
경기도 광주시 역동,3,2,13,68,5,0,0,0,0,1,0,0,3,0,0,2,5,1,5
경기도 광주시 오포읍,5,9,20,196,44,0,0,4,0,0,0,2,12,1,0,3,22,1,18
경기도 광주시 장지동,0,1,2,35,7,0,0,0,0,1,0,0,2,0,1,1,0,0,2
경기도 광주시 중대동,1,0,1,30,5,0,0,1,0,0,0,0,0,0,0,1,0,0,1
경기도 광주시 직동,0,0,0,7,1,0,0,0,0,0,0,0,0,0,0,0,0,0,0
경기도 광주시 초월읍,2,2,8,125,24,0,0,4,0,1,1,0,5,1,1,2,0,0,6
경기도 광주시 탄벌동,0,2,3,45,5,0,1,2,0,0,0,1,4,0,1,2,4,0,3
경기도 광주시 태전동,1,2,5,37,7,0,0,1,0,0,0,1,3,0,1,2,0,0,2
경기도 광주시 퇴촌면,1,4,4,54,3,0,0,1,0,0,0,0,5,0,1,2,2,0,3
경기도 광주시 회덕동,0,0,1,20,1,0,0,0,0,0,0,0,1,0,0,0,0,0,1
경기도 구리시 갈매동,2,2,10,5,7,0,0,0,0,0,0,0,2,0,0,0,0,0,7
경기도 구리시 교문1동,0,0,1,0,0,0,0,0,1,0,0,0,0,0,0,0,0,0,0
경기도 구리시 교문동,3,1,8,206,12,0,0,4,0,1,2,0,3,1,2,2,17,1,6
경기도 구리시 사노동,1,0,0,23,1,0,0,1,0,0,0,0,0,0,0,0,0,0,1
경기도 구리시 수택1동,0,0,7,0,0,0,0,0,0,0,0,0,3,0,0,0,0,0,1
경기도 구리시 수택2동,0,0,2,0,0,0,0,0,0,0,0,0,3,0,0,0,0,0,1
경기도 구리시 수택3동,0,0,1,0,0,0,0,0,0,0,0,0,2,0,0,0,0,0,0
경기도 구리시 수택동,7,10,48,465,16,1,0,2,0,2,2,0,17,0,1,10,64,1,36
경기도 구리시 아천동,0,0,0,24,1,0,0,0,0,0,0,0,0,0,0,0,0,0,1
경기도 구리시 인창동,5,4,55,245,16,0,0,5,0,1,4,3,25,1,2,4,44,3,32
경기도 구리시 토평동,4,0,6,99,6,0,0,2,0,2,0,1,2,1,2,1,0,1,2
경기도 군포시 곡란중,0,0,0,0,0,0,0,0,0,0,0,0,0,0,0,1,0,0,0
경기도 군포시 광정동,0,0,8,0,0,0,0,0,0,0,1,0,1,0,0,0,0,0,2
경기도 군포시 군포1동,0,0,0,0,0,0,0,0,0,0,0,0,0,0,0,1,0,0,1
경기도 군포시 군포2동,0,0,5,0,0,0,0,0,0,0,0,0,1,0,0,0,0,0,2
경기도 군포시 궁내동,0,0,2,0,0,0,0,0,0,0,0,0,1,0,0,0,0,0,1
경기도 군포시 금정동,1,3,9,0,7,1,0,4,0,2,0,0,7,0,2,6,30,1,10
경기도 군포시 금정역,0,0,0,0,0,0,0,0,0,0,0,0,0,0,0,1,0,0,0
경기도 군포시 당동,4,4,23,0,7,0,1,4,1,1,1,0,10,1,3,12,35,0,9
경기도 군포시 당정동,0,2,3,0,4,0,0,1,0,0,0,0,3,0,1,12,0,0,5
경기도 군포시 대야미동,0,0,1,0,3,0,0,1,0,0,0,0,1,1,0,6,0,0,2
경기도 군포시 부곡동,0,0,5,0,1,0,0,1,0,0,0,2,3,1,1,1,0,0,3
경기도 군포시 산본1동,0,0,1,0,0,0,0,0,0,0,0,0,3,0,0,0,0,0,4
경기도 군포시 산본2동,0,0,2,0,0,0,0,0,0,0,1,0,1,0,0,0,0,0,0
경기도 군포시 산본동,12,13,72,0,14,0,0,13,1,4,0,1,31,3,5,16,78,6,48
경기도 군포시 수리동,0,0,0,0,0,0,0,0,0,0,0,0,1,0,0,0,0,0,0
경기도 군포시 재궁동,0,0,0,0,0,0,0,0,0,0,0,0,0,0,0,1,0,0,1
경기도 김포시 감정동,3,2,13,121,1,0,0,1,0,0,1,0,3,0,1,0,4,0,6
경기도 김포시 걸포동,0,0,0,49,4,0,0,0,1,0,0,0,1,0,0,0,5,0,1
경기도 김포시 걸포로,0,0,0,4,0,0,0,0,0,0,0,0,0,0,0,0,0,0,0
경기도 김포시 고촌읍,2,1,8,244,9,0,0,3,0,0,0,0,5,0,2,9,4,0,7
경기도 김포시 구래동,4,2,24,150,12,0,0,3,0,0,0,1,4,0,1,0,0,1,12
경기도 김포시 김포1동,0,0,0,5,0,0,0,0,0,0,0,0,0,0,0,0,0,0,0
경기도 김포시 대곶면,0,1,2,131,20,0,0,4,0,0,0,0,3,0,1,2,0,0,4
경기도 김포시 마산동,0,1,3,112,6,0,0,1,0,1,0,1,0,0,1,0,0,0,1
경기도 김포시 북변동,2,6,11,165,4,0,0,3,0,1,0,0,7,1,2,5,15,0,5
경기도 김포시 사우동,4,4,21,176,9,0,0,1,0,2,3,0,14,1,1,15,21,2,13
경기도 김포시 양도로,0,0,0,5,0,0,0,0,0,0,0,0,0,0,0,0,0,0,0
경기도 김포시 양촌면,0,0,0,18,0,0,0,0,0,0,0,0,0,0,0,0,0,0,0
경기도 김포시 양촌읍,3,3,9,303,25,0,0,3,0,1,1,0,5,1,2,0,0,1,8
경기도 김포시 운양동,2,3,11,168,5,0,0,3,0,2,0,1,4,0,0,0,8,0,7
경기도 김포시 월곶면,0,1,0,88,9,0,0,2,0,1,1,0,1,0,1,1,0,0,1
경기도 김포시 장기동,9,12,45,431,29,1,0,5,1,0,1,0,19,0,4,7,8,0,27
경기도 김포시 통진읍,2,1,12,215,15,0,0,5,0,2,0,0,5,1,2,1,4,0,8
경기도 김포시 풍무동,4,3,17,147,7,0,0,4,0,1,0,0,10,0,2,0,4,0,12
경기도 김포시 하성면,0,2,3,67,9,0,0,2,0,1,0,0,2,0,1,2,0,0,3
경기도 남양주시 가운동,0,0,5,7,3,0,0,0,0,0,0,0,2,0,0,3,2,0,3
경기도 남양주시 경기도,0,0,0,396,0,0,0,0,0,0,0,0,0,0,0,0,0,0,0
경기도 남양주시 금곡동,2,5,11,28,3,1,0,0,0,0,1,0,5,0,0,8,12,0,6
경기도 남양주시 녹촌리,0,0,0,4,0,0,0,0,0,0,0,0,0,0,0,0,0,0,0
경기도 남양주시 도농동,5,6,14,36,1,0,0,0,0,0,0,0,9,1,0,3,28,0,16
경기도 남양주시 별내동,5,3,25,219,16,0,0,0,0,0,1,4,8,0,0,10,0,0,20
경기도 남양주시 별내면,1,2,7,42,4,0,0,1,0,1,0,0,4,1,1,8,0,0,6
경기도 남양주시 비룡로,0,0,0,3,0,0,0,0,0,0,0,0,0,0,0,0,0,0,0
경기도 남양주시 삼패동,0,0,0,3,0,0,0,0,0,0,0,0,0,0,0,0,0,0,0
경기도 남양주시 수동면,0,1,1,39,3,0,2,3,0,0,0,0,2,0,1,0,0,0,2
경기도 남양주시 수석동,0,0,0,4,2,0,0,0,0,0,0,0,0,0,0,0,0,0,0
경기도 남양주시 양정동,0,0,0,4,0,0,0,0,0,0,0,0,0,0,0,0,0,0,0
경기도 남양주시 오남읍,3,2,19,73,10,0,0,4,2,1,1,0,7,1,3,0,6,0,12
경기도 남양주시 와부읍,6,9,35,126,6,0,0,6,0,2,0,0,17,1,3,8,40,1,20
경기도 남양주시 이패동,0,0,0,4,0,0,0,0,0,0,0,0,0,0,0,1,0,0,0
경기도 남양주시 일패동,0,0,0,15,1,0,0,0,0,0,0,0,0,0,0,1,0,0,0
경기도 남양주시 조안면,0,0,0,30,0,0,0,2,0,0,0,0,1,0,1,0,0,0,0
경기도 남양주시 지금동,1,0,3,6,1,0,0,0,0,0,0,0,0,0,0,0,0,0,1
경기도 남양주시 진건읍,0,5,7,66,7,0,0,3,0,1,1,0,4,0,1,4,18,1,4
경기도 남양주시 진접읍,6,16,41,206,28,0,0,8,1,2,3,3,15,2,5,12,19,1,23
경기도 남양주시 퇴계원면,2,4,15,74,11,0,0,2,0,1,0,0,5,1,0,5,10,1,8
경기도 남양주시 평내동,2,4,19,38,7,0,0,0,0,0,3,1,8,1,0,5,12,2,8
경기도 남양주시 호평동,3,7,28,59,6,0,0,0,0,0,1,1,13,0,0,3,30,0,16
경기도 남양주시 화도읍,8,6,39,203,31,0,0,12,0,3,1,0,18,1,5,11,40,0,21
경기도 동두천시 광암동,0,0,0,36,0,0,0,0,0,0,0,0,0,0,0,1,0,0,0
경기도 동두천시 동두천동,0,0,0,110,2,0,0,1,0,0,0,0,0,0,0,3,0,0,0
경기도 동두천시 보산동,1,0,0,96,2,0,0,0,0,0,0,0,0,0,0,9,0,0,0
경기도 동두천시 불현동,0,0,0,5,0,0,0,0,0,0,0,0,0,0,0,0,0,0,0
경기도 동두천시 상봉암동,0,0,0,37,2,0,0,1,0,0,0,0,0,0,0,1,0,0,0
경기도 동두천시 상패동,0,0,0,128,3,1,1,0,0,0,0,0,0,1,0,4,0,0,0
경기도 동두천시 생연1동,0,0,0,20,0,0,0,0,0,0,0,0,0,0,0,0,0,0,0
경기도 동두천시 생연2동,0,0,2,18,0,0,0,0,0,0,0,0,0,0,0,0,0,0,1
경기도 동두천시 생연동,5,3,19,456,16,0,0,4,0,3,1,0,5,0,4,44,12,0,7
경기도 동두천시 송내동,1,0,0,83,1,0,0,1,0,0,0,1,0,0,1,4,6,0,0
경기도 동두천시 안흥동,0,0,0,9,0,0,0,0,0,1,0,0,0,0,1,0,0,0,0
경기도 동두천시 중앙동,0,0,0,5,0,0,0,0,0,0,0,0,0,0,0,0,0,0,0
경기도 동두천시 지행동,3,2,12,283,15,0,0,3,0,2,0,0,4,1,0,4,10,0,11
경기도 동두천시 탑동,0,0,0,4,0,0,0,0,0,0,0,0,0,0,0,0,0,0,0
경기도 동두천시 탑동동,0,0,0,7,0,0,0,1,0,0,0,0,0,0,0,4,0,0,0
경기도 동두천시 하봉암동,0,0,0,34,0,0,0,0,0,0,0,0,0,0,0,0,0,0,0
경기도 부천시 고강1동,0,0,1,0,0,0,0,0,0,0,0,0,0,0,0,0,0,0,0
경기도 부천시 고강동,2,11,17,0,20,0,0,3,0,1,0,0,9,0,1,5,0,0,9
경기도 부천시 고강본동,0,0,1,0,0,0,0,0,0,0,0,0,0,0,0,4,0,0,1
경기도 부천시 괴안동,2,10,26,0,10,0,0,3,0,0,0,0,12,0,2,2,0,0,14
경기도 부천시 길주로,0,0,0,0,0,0,0,0,0,0,0,0,0,0,0,1,0,0,0
경기도 부천시 내동,0,0,3,0,3,0,0,0,0,0,1,0,1,0,1,2,0,0,5
경기도 부천시 대장동,0,0,0,0,0,0,0,1,0,0,0,0,0,0,0,0,0,0,0
경기도 부천시 도당동,1,3,4,0,6,0,0,2,0,2,1,0,5,1,2,5,0,0,4
경기도 부천시 범박동,1,2,7,0,1,0,0,2,0,2,0,0,2,0,1,0,0,0,5
경기도 부천시 삼정동,1,1,7,0,4,0,0,1,0,0,0,0,2,0,0,3,0,0,6
경기도 부천시 상1동,0,0,0,0,0,0,0,0,0,0,0,0,0,0,0,2,0,0,1
경기도 부천시 상2동,0,0,1,0,0,0,0,0,0,0,0,0,1,0,0,1,0,0,0
경기도 부천시 상3동,0,0,0,0,0,0,0,0,0,0,0,0,1,0,0,3,0,0,1
경기도 부천시 상동,14,21,74,0,19,0,0,9,0,6,3,2,34,3,5,13,0,2,37
경기도 부천시 성곡동,0,0,0,0,0,0,0,0,0,0,0,0,0,0,0,3,0,0,0
경기도 부천시 소사동,0,2,0,0,0,0,0,0,1,1,0,0,1,0,1,2,0,0,0
경기도 부천시 소사본1동,0,0,0,0,0,0,0,0,0,0,0,0,0,0,0,1,0,0,1
경기도 부천시 소사본3동,0,0,3,0,0,0,0,0,0,0,0,0,0,0,0,2,0,0,3
경기도 부천시 소사본동,3,13,16,0,14,0,0,5,1,1,2,0,8,1,2,5,0,0,8
경기도 부천시 송내1동,0,0,1,0,0,0,0,0,0,0,0,0,0,0,0,0,0,0,2
경기도 부천시 송내2동,0,0,3,0,0,0,0,0,0,0,0,0,0,0,0,1,0,0,1
경기도 부천시 송내동,4,3,13,0,13,0,0,3,0,3,1,0,7,1,3,8,0,2,9
경기도 부천시 심곡2동,0,0,3,0,0,0,0,0,0,0,0,0,0,0,0,1,0,0,0
경기도 부천시 심곡3동,0,0,1,0,0,0,0,0,0,0,0,0,0,0,0,1,0,0,0
경기도 부천시 심곡동,3,8,23,0,27,0,0,2,1,0,2,0,8,0,0,6,0,1,13
경기도 부천시 심곡본1동,0,0,5,0,0,0,0,0,0,0,0,0,1,0,0,0,0,0,1
경기도 부천시 심곡본동,2,13,33,0,8,0,0,2,0,2,1,0,11,1,0,6,0,0,15
경기도 부천시 약대동,0,1,1,0,0,0,0,2,1,0,0,0,1,0,0,1,0,0,2
경기도 부천시 여월동,1,2,4,0,3,0,0,2,0,0,0,0,1,0,2,1,0,0,1
경기도 부천시 역고동,0,0,0,0,0,0,0,0,0,0,0,0,0,0,0,1,0,0,0
경기도 부천시 역곡동,2,8,25,0,4,0,0,3,0,1,1,0,11,0,1,10,0,2,10
경기도 부천시 오정동,0,6,10,0,6,0,0,3,0,1,0,1,5,0,1,7,0,1,5
경기도 부천시 옥길동,1,1,1,0,2,0,0,0,0,0,0,0,0,0,0,0,0,0,3
경기도 부천시 원미1동,0,0,0,0,0,0,0,0,0,0,0,0,1,0,0,1,0,0,1
경기도 부천시 원미2동,0,0,1,0,0,0,0,0,0,0,0,0,0,0,0,0,0,0,0
경기도 부천시 원미동,2,6,15,0,9,0,0,2,0,0,1,0,11,1,1,7,0,0,7
경기도 부천시 원종1동,0,0,4,0,0,0,0,0,0,0,0,0,1,0,0,2,0,0,1
경기도 부천시 원종2동,0,0,0,0,0,0,0,0,0,0,0,0,1,0,0,0,0,0,1
경기도 부천시 원종동,5,15,36,0,10,0,0,3,0,1,3,0,12,0,0,3,0,0,15
경기도 부천시 작동,0,1,2,0,3,1,0,1,0,0,0,0,1,0,0,0,0,0,2
경기도 부천시 중1동,0,0,0,0,0,0,0,0,0,0,0,0,0,0,0,4,0,0,1
경기도 부천시 중2동,0,0,0,0,0,0,0,0,0,0,0,0,0,0,0,3,0,0,0
경기도 부천시 중3동,0,0,0,0,0,0,0,0,0,0,0,0,1,0,0,0,0,0,1
경기도 부천시 중4동,0,0,0,0,0,0,0,0,0,0,0,0,1,0,0,0,0,0,3
경기도 부천시 중동,20,26,110,0,26,0,0,14,1,8,3,0,44,3,8,15,0,3,58
경기도 부천시 춘의동,0,2,2,0,4,0,0,0,0,0,1,0,1,0,0,3,0,0,2
경기도 부천시소사구 괴안동,0,0,0,0,0,0,0,0,0,0,0,0,0,0,0,0,25,0,0
경기도 부천시소사구 범박동,0,0,0,0,0,0,0,0,0,0,0,0,0,0,0,0,10,0,0
경기도 부천시소사구 소사본동,0,0,0,0,0,0,0,0,0,0,0,0,0,0,0,0,42,0,0
경기도 부천시소사구 송내동,0,0,0,0,0,0,0,0,0,0,0,0,0,0,0,0,16,0,0
경기도 부천시소사구 심곡본동,0,0,0,0,0,0,0,0,0,0,0,0,0,0,0,0,14,0,0
경기도 부천시오정구 고강동,0,0,0,0,0,0,0,0,0,0,0,0,0,0,0,0,10,0,0
경기도 부천시오정구 내동,0,0,0,0,0,0,0,0,0,0,0,0,0,0,0,0,4,0,0
경기도 부천시오정구 여월동,0,0,0,0,0,0,0,0,0,0,0,0,0,0,0,0,4,0,0
경기도 부천시오정구 원종동,0,0,0,0,0,0,0,0,0,0,0,0,0,0,0,0,28,0,0
경기도 부천시오정구 작동,0,0,0,0,0,0,0,0,0,0,0,0,0,0,0,0,18,0,0
경기도 부천시원미구 도당동,0,0,0,0,0,0,0,0,0,0,0,0,0,0,0,0,5,0,0
경기도 부천시원미구 상동,0,0,0,0,0,0,0,0,0,0,0,0,0,0,0,0,106,0,0
경기도 부천시원미구 소사동,0,0,0,0,0,0,0,0,0,0,0,0,0,0,0,0,6,0,0
경기도 부천시원미구 심곡동,0,0,0,0,0,0,0,0,0,0,0,0,0,0,0,0,53,0,0
경기도 부천시원미구 역곡동,0,0,0,0,0,0,0,0,0,0,0,0,0,0,0,0,16,0,0
경기도 부천시원미구 원미동,0,0,0,0,0,0,0,0,0,0,0,0,0,0,0,0,11,0,0
경기도 부천시원미구 중동,0,0,0,0,0,0,0,0,0,0,0,0,0,0,0,0,172,0,0
경기도 부천시원미구 춘의동,0,0,0,0,0,0,0,0,0,0,0,0,0,0,0,0,12,0,0
경기도 성남시 ,0,0,0,71,0,0,0,0,0,0,0,0,0,0,0,0,0,0,0
경기도 성남시 경기도,0,0,0,4,0,0,0,0,0,0,0,0,0,0,0,0,0,0,0
경기도 성남시 고등동,0,0,0,1,0,0,0,0,0,0,0,0,0,0,0,0,0,0,0
경기도 성남시 구미1동,0,0,0,2,0,0,0,0,0,0,0,0,0,0,0,0,0,0,0
경기도 성남시 구미동,0,0,0,4,0,0,0,0,0,0,0,0,0,0,0,0,0,0,0
경기도 성남시 궁내동,0,0,0,1,0,0,0,0,0,0,0,0,0,0,0,0,0,0,0
경기도 성남시 금광1동,0,0,0,4,0,0,0,0,0,0,0,0,0,0,0,0,0,0,0
경기도 성남시 금광2동,0,0,0,1,0,0,0,0,0,0,0,0,0,0,0,0,0,0,0
경기도 성남시 금토동,0,0,0,1,0,0,0,0,0,0,0,0,0,0,0,0,0,0,0
경기도 성남시 단대동,0,0,0,2,0,0,0,0,0,0,0,0,0,0,0,0,0,0,0
경기도 성남시 도촌동,0,0,0,3,0,0,0,0,0,0,0,0,0,0,0,0,0,0,0
경기도 성남시 백현동,0,0,0,10,0,0,0,0,0,0,0,0,0,0,0,0,0,0,0
경기도 성남시 복정동,0,0,0,2,0,0,0,0,0,0,0,0,0,0,0,0,0,0,0
경기도 성남시 분당구 서현동,0,0,0,0,0,0,0,0,0,0,0,0,0,0,0,1,0,0,0
경기도 성남시 분당동,0,0,0,2,0,0,0,0,0,0,0,0,0,0,0,0,0,0,0
경기도 성남시 산성동,0,0,0,2,0,0,0,0,0,0,0,0,0,0,0,0,0,0,0
경기도 성남시 삼평동,0,0,0,15,0,0,0,0,0,0,0,0,0,0,0,0,0,0,0
경기도 성남시 상대원1동,0,0,0,4,0,0,0,0,0,0,0,0,0,0,0,0,0,0,0
경기도 성남시 상대원2동,0,0,0,1,0,0,0,0,0,0,0,0,0,0,0,0,0,0,0
경기도 성남시 상대원3동,0,0,0,1,0,0,0,0,0,0,0,0,0,0,0,0,0,0,0
경기도 성남시 서현1동,0,0,0,6,0,0,0,0,0,0,0,0,0,0,0,0,0,0,0
경기도 성남시 서현2동,0,0,0,3,0,0,0,0,0,0,0,0,0,0,0,0,0,0,0
경기도 성남시 성남동,0,0,0,3,0,0,0,0,0,0,0,0,0,0,0,0,0,0,0
경기도 성남시 수내1동,0,0,0,2,0,0,0,0,0,0,0,0,0,0,0,0,0,0,0
경기도 성남시 수내2동,0,0,0,3,0,0,0,0,0,0,0,0,0,0,0,0,0,0,0
경기도 성남시 수내3동,0,0,0,1,0,0,0,0,0,0,0,0,0,0,0,0,0,0,0
경기도 성남시 수진1동,0,0,0,1,0,0,0,0,0,0,0,0,0,0,0,0,0,0,0
경기도 성남시 수진2동,0,0,0,6,0,0,0,0,0,0,0,0,0,0,0,0,0,0,0
경기도 성남시 시흥동,0,0,0,2,0,0,0,0,0,0,0,0,0,0,0,0,0,0,0
경기도 성남시 신흥1동,0,0,0,3,0,0,0,0,0,0,0,0,0,0,0,0,0,0,0
경기도 성남시 신흥2동,0,0,0,3,0,0,0,0,0,0,0,0,0,0,0,0,0,0,0
경기도 성남시 신흥3동,0,0,0,4,0,0,0,0,0,0,0,0,0,0,0,0,0,0,0
경기도 성남시 야탑1동,0,0,0,3,0,0,0,0,0,0,0,0,0,0,0,0,0,0,0
경기도 성남시 야탑2동,0,0,0,4,0,0,0,0,0,0,0,0,0,0,0,0,0,0,0
경기도 성남시 야탑3동,0,0,0,2,0,0,0,0,0,0,0,0,0,0,0,0,0,0,0
경기도 성남시 여수동,0,0,0,7,0,0,0,0,0,0,0,0,0,0,0,0,0,0,0
경기도 성남시 운중동,0,0,0,5,0,0,0,0,0,0,0,0,0,0,0,0,0,0,0
경기도 성남시 은행1동,0,0,0,3,0,0,0,0,0,0,0,0,0,0,0,0,0,0,0
경기도 성남시 은행2동,0,0,0,1,0,0,0,0,0,0,0,0,0,0,0,0,0,0,0
경기도 성남시 이매1동,0,0,0,2,0,0,0,0,0,0,0,0,0,0,0,0,0,0,0
경기도 성남시 이매2동,0,0,0,3,0,0,0,0,0,0,0,0,0,0,0,0,0,0,0
경기도 성남시 정자1동,0,0,0,7,0,0,0,0,0,0,0,0,0,0,0,0,0,0,0
경기도 성남시 정자동,0,0,0,2,0,0,0,0,0,0,0,0,0,0,0,0,0,0,0
경기도 성남시 중앙동,0,0,0,3,0,0,0,0,0,0,0,0,0,0,0,0,0,0,0
경기도 성남시 태평1동,0,0,0,3,0,0,0,0,0,0,0,0,0,0,0,0,0,0,0
경기도 성남시 태평2동,0,0,0,1,0,0,0,0,0,0,0,0,0,0,0,0,0,0,0
경기도 성남시 태평3동,0,0,0,3,0,0,0,0,0,0,0,0,0,0,0,0,0,0,0
경기도 성남시 태평4동,0,0,0,2,0,0,0,0,0,0,0,0,0,0,0,0,0,0,0
경기도 성남시 판교동,0,0,0,5,0,0,0,0,0,0,0,0,0,0,0,0,0,0,0
경기도 성남시 하대원동,0,0,0,5,0,0,0,0,0,0,0,0,0,0,0,0,0,0,0
경기도 성남시분당구 ,0,0,0,3,0,0,0,0,0,0,0,0,0,0,0,0,0,0,0
경기도 성남시분당구 경기도,0,0,0,40,0,0,0,0,0,0,0,0,0,0,0,0,0,0,0
경기도 성남시분당구 구미1동,0,0,0,34,0,0,0,0,0,0,0,0,0,0,0,0,0,0,0
경기도 성남시분당구 구미동,5,1,45,74,7,0,0,4,1,1,1,0,22,2,2,4,15,1,22
경기도 성남시분당구 궁내동,0,0,0,19,2,0,0,0,0,0,0,0,0,0,0,0,0,0,0
경기도 성남시분당구 금곡동,5,6,40,0,2,0,0,1,0,1,0,0,24,0,1,0,4,1,16
경기도 성남시분당구 대장동,0,0,0,5,0,0,0,0,0,0,0,0,0,0,0,0,0,0,0
경기도 성남시분당구 동원동,0,0,0,12,0,0,0,0,0,1,0,0,0,0,1,0,0,0,0
경기도 성남시분당구 백현동,4,0,9,96,4,0,0,2,0,2,0,0,3,1,2,4,0,0,4
경기도 성남시분당구 분당동,1,2,2,122,2,0,0,2,0,1,0,0,0,0,1,3,0,0,4
경기도 성남시분당구 삼평동,3,5,36,83,5,0,0,2,0,1,1,0,19,0,1,4,0,0,25
경기도 성남시분당구 서현1동,0,0,0,54,0,0,0,0,0,0,0,0,0,0,0,0,0,0,0
경기도 성남시분당구 서현2동,0,0,0,44,0,0,0,0,0,0,0,0,0,0,0,0,0,0,0
경기도 성남시분당구 서현동,10,9,89,7,4,0,0,4,1,3,3,1,38,0,2,7,12,0,51
경기도 성남시분당구 석운동,0,0,0,0,0,0,0,0,0,0,0,0,1,0,0,0,0,0,0
경기도 성남시분당구 수내1동,0,0,2,28,0,0,0,0,0,0,0,0,2,0,0,0,0,0,1
경기도 성남시분당구 수내2동,0,0,1,18,0,0,0,0,0,0,0,0,0,0,0,0,0,0,1
경기도 성남시분당구 수내3동,0,0,0,36,0,0,0,0,0,0,0,0,1,0,0,0,0,0,0
경기도 성남시분당구 수내동,5,5,39,0,9,0,0,3,0,2,1,2,19,0,3,9,0,0,31
경기도 성남시분당구 야탑1동,0,0,0,48,0,0,0,0,0,0,0,0,0,0,0,0,0,0,0
경기도 성남시분당구 야탑2동,0,0,0,29,0,0,0,0,0,0,0,0,0,0,0,0,0,0,0
경기도 성남시분당구 야탑3동,0,0,0,69,0,0,0,0,0,0,0,0,0,0,0,0,0,0,0
경기도 성남시분당구 야탑동,6,8,52,0,6,1,0,5,1,4,2,0,26,1,2,6,8,1,33
경기도 성남시분당구 운중동,4,2,7,166,4,0,0,2,0,1,0,0,6,1,1,1,0,0,7
경기도 성남시분당구 율동,0,0,1,8,0,0,0,0,1,0,1,1,1,0,0,1,0,0,0
경기도 성남시분당구 이매1동,0,0,0,61,0,0,0,0,0,0,0,0,0,0,0,0,0,0,0
경기도 성남시분당구 이매2동,0,0,0,19,0,0,0,0,0,0,0,0,0,0,0,0,0,0,0
경기도 성남시분당구 이매동,4,3,10,0,8,0,0,3,0,3,0,0,11,0,3,0,9,0,10
경기도 성남시분당구 정자1동,0,0,0,8,0,0,0,0,0,0,0,0,0,0,0,0,0,0,0
경기도 성남시분당구 정자2동,0,0,0,16,0,0,0,0,0,0,0,0,0,0,0,0,0,0,0
경기도 성남시분당구 정자3동,0,0,0,53,0,0,0,0,0,0,0,0,0,0,0,0,0,0,0
경기도 성남시분당구 정자동,16,12,61,35,12,0,0,7,0,4,2,1,30,1,4,6,0,0,37
경기도 성남시분당구 판교동,4,2,9,155,0,0,0,2,0,1,0,0,3,1,2,3,0,0,6
경기도 성남시수정구 고등동,0,0,0,25,0,0,0,1,0,0,0,0,0,0,0,0,0,0,0
경기도 성남시수정구 금토동,0,0,0,17,0,0,0,0,0,0,0,0,0,0,0,0,0,0,0
경기도 성남시수정구 논골로,0,0,0,0,0,0,0,0,0,0,0,0,0,0,0,1,0,0,0
경기도 성남시수정구 단대동,1,1,4,54,0,0,0,1,0,1,0,0,2,0,3,7,6,1,3
경기도 성남시수정구 복정동,2,1,3,88,2,0,0,1,0,2,0,0,1,0,1,17,0,0,2
경기도 성남시수정구 사송동,0,0,0,9,0,0,0,0,0,0,0,0,0,0,0,0,0,0,0
경기도 성남시수정구 산성동,0,3,6,48,1,0,0,1,0,0,0,0,1,1,3,13,12,0,4
경기도 성남시수정구 상적동,0,0,0,18,1,0,0,0,0,0,0,0,0,0,0,2,0,0,0
경기도 성남시수정구 수정구,0,0,0,3,0,0,0,0,0,0,0,0,0,0,0,0,0,0,0
경기도 성남시수정구 수진1동,0,0,14,55,0,0,0,0,0,0,0,0,4,0,0,8,0,0,4
경기도 성남시수정구 수진2동,0,0,6,67,0,0,0,0,0,0,0,0,2,0,0,6,0,0,3
경기도 성남시수정구 수진동,1,4,10,0,0,0,0,2,1,1,0,0,8,0,2,8,67,2,6
경기도 성남시수정구 시흥동,0,0,0,17,0,0,0,0,0,0,0,0,0,0,0,1,0,0,0
경기도 성남시수정구 신촌동,0,0,0,13,1,0,0,0,0,0,0,0,0,0,0,0,0,0,0
경기도 성남시수정구 신흥,0,0,0,0,0,0,0,0,0,0,0,0,0,0,0,1,0,0,0
경기도 성남시수정구 신흥1동,0,0,11,34,0,0,0,0,0,0,0,0,1,0,0,6,0,0,9
경기도 성남시수정구 신흥2동,0,0,8,43,0,0,0,0,0,0,0,0,1,0,0,6,0,0,4
경기도 성남시수정구 신흥3동,0,0,17,28,0,0,0,0,0,0,0,0,2,0,0,3,0,0,9
경기도 성남시수정구 신흥동,4,6,15,0,1,0,0,2,0,0,1,1,4,1,1,10,41,2,9
경기도 성남시수정구 심곡동,0,0,0,9,0,0,0,0,0,1,0,0,0,0,0,0,0,0,0
경기도 성남시수정구 양지동,0,1,2,47,1,0,0,1,0,0,0,0,4,0,0,8,21,0,5
경기도 성남시수정구 오야동,0,0,1,12,0,0,0,0,0,0,0,0,0,0,0,0,0,0,0
경기도 성남시수정구 창곡동,6,5,35,0,3,0,0,0,0,0,0,3,15,0,0,0,0,0,13
경기도 성남시수정구 탄리로,0,0,0,0,0,0,0,0,0,0,0,0,0,0,0,1,0,0,0
경기도 성남시수정구 태평1동,0,0,1,46,0,0,0,0,0,0,1,0,3,0,0,11,0,0,6
경기도 성남시수정구 태평2동,0,0,10,57,0,0,0,0,0,0,0,0,1,0,0,24,0,0,5
경기도 성남시수정구 태평3동,0,0,13,73,0,0,0,0,0,0,0,0,5,0,0,10,0,0,5
경기도 성남시수정구 태평4동,0,0,2,78,0,0,0,0,0,0,0,0,1,0,0,17,0,0,2
경기도 성남시수정구 태평동,4,7,14,0,2,0,0,5,0,0,2,1,8,0,1,14,133,0,4
경기도 성남시수정구신흥2동,0,0,1,0,0,0,0,0,0,0,0,0,0,0,0,0,0,0,0
경기도 성남시중원구 갈현동,0,0,0,10,0,0,0,0,0,0,0,0,0,0,0,0,0,0,0
경기도 성남시중원구 금광1동,0,0,4,73,0,0,0,0,0,0,0,0,1,0,0,7,0,0,2
경기도 성남시중원구 금광2동,0,0,5,75,0,0,0,0,1,0,0,0,2,0,0,24,0,0,3
경기도 성남시중원구 금광동,4,8,13,0,6,0,0,4,0,1,1,1,8,1,4,15,18,0,10
경기도 성남시중원구 도촌동,1,0,4,39,0,0,0,1,0,0,0,0,2,0,1,1,0,0,3
경기도 성남시중원구 도촌북로,0,0,0,0,0,0,0,0,0,0,0,0,0,0,0,1,0,0,0
경기도 성남시중원구 상대원1동,0,0,0,65,0,0,0,0,0,0,0,0,0,0,0,9,0,0,4
경기도 성남시중원구 상대원2동,0,0,6,61,0,0,0,0,0,0,0,0,1,0,0,8,0,0,5
경기도 성남시중원구 상대원3동,0,0,0,75,0,0,0,0,0,0,0,0,0,0,0,11,0,0,3
경기도 성남시중원구 상대원동,4,7,15,0,20,1,1,4,0,0,0,0,8,0,0,13,34,0,8
경기도 성남시중원구 성남동,2,4,30,81,6,0,0,1,0,5,1,0,12,1,3,23,36,2,18
경기도 성남시중원구 여수동,1,0,2,33,0,0,0,1,0,0,0,0,2,0,0,1,0,0,3
경기도 성남시중원구 은행1동,0,0,0,49,0,0,0,0,0,0,0,0,0,0,0,3,0,0,0
경기도 성남시중원구 은행2동,0,0,3,69,0,0,0,0,0,0,0,0,3,0,0,7,0,0,2
경기도 성남시중원구 은행동,1,3,15,0,4,0,0,3,0,0,0,0,4,0,1,22,25,0,4
경기도 성남시중원구 중동,0,0,6,0,0,0,0,0,0,0,0,0,3,0,0,3,20,0,5
경기도 성남시중원구 중앙동,2,4,13,51,5,0,0,1,0,0,0,0,5,0,0,10,5,0,4
경기도 성남시중원구 하대원동,2,2,2,68,3,0,0,2,0,1,0,0,4,0,1,4,18,0,0
경기도 수원시권선구 경기도,0,0,0,111,0,0,0,0,0,0,0,0,0,0,0,0,0,0,0
경기도 수원시권선구 고색동,1,3,3,72,3,0,0,2,0,1,3,0,3,1,1,0,8,0,6
경기도 수원시권선구 곡반정동,2,1,2,94,8,0,0,1,0,0,0,0,3,0,1,1,0,0,4
경기도 수원시권선구 구운동,2,4,4,70,9,0,0,2,0,0,0,2,4,0,1,0,6,0,3
경기도 수원시권선구 권선1동,0,0,0,21,0,0,0,0,0,0,0,0,0,0,0,0,0,0,0
경기도 수원시권선구 권선2동,0,0,1,13,0,0,0,0,0,0,0,0,1,0,0,0,0,0,0
경기도 수원시권선구 권선동,7,17,50,157,18,0,0,9,0,2,5,0,16,2,3,4,48,0,33
경기도 수원시권선구 금곡동,2,4,19,0,3,0,0,5,0,0,2,1,9,0,2,0,4,0,13
경기도 수원시권선구 당수동,0,0,2,36,1,0,0,1,0,1,0,0,1,0,0,0,0,0,2
경기도 수원시권선구 대황교동,0,0,0,3,0,0,0,0,0,0,0,0,0,0,0,1,0,0,0
경기도 수원시권선구 서둔동,1,3,6,123,1,0,0,2,0,0,0,0,1,0,1,0,4,0,2
경기도 수원시권선구 세류1동,0,0,0,12,0,0,0,0,0,0,0,0,0,0,0,0,0,0,0
경기도 수원시권선구 세류2동,0,0,7,13,0,0,0,0,0,0,0,0,2,0,0,0,0,0,2
경기도 수원시권선구 세류3동,0,0,3,14,0,0,0,0,0,0,0,0,3,0,0,0,0,0,1
경기도 수원시권선구 세류동,2,8,10,328,17,0,0,3,0,0,0,0,10,1,2,3,23,1,9
경기도 수원시권선구 오목천동,0,3,6,54,4,0,0,2,0,1,0,1,3,0,1,1,0,0,5
경기도 수원시권선구 입북동,0,0,0,60,0,0,0,1,0,0,0,0,0,0,0,0,0,0,0
경기도 수원시권선구 장지동,0,0,0,0,0,0,0,0,0,0,0,0,0,0,0,1,0,0,0
경기도 수원시권선구 탑동,3,2,13,76,7,0,0,2,0,1,0,0,6,1,0,0,18,0,7
경기도 수원시권선구 평동,0,0,0,13,0,0,0,0,0,0,0,0,0,0,0,0,0,0,0
경기도 수원시권선구 평리동,0,0,0,4,0,0,0,0,0,0,0,0,0,0,0,0,0,0,0
경기도 수원시권선구 호매실동,1,5,6,121,4,0,0,3,0,1,0,0,2,1,2,0,0,0,6
경기도 수원시영통구 ,0,0,0,0,0,0,0,0,0,0,0,0,0,0,0,0,7,0,0
경기도 수원시영통구 광교동,0,0,0,0,0,0,0,0,0,0,0,0,0,0,0,0,0,0,1
경기도 수원시영통구 망포동,3,2,18,92,1,0,0,3,0,1,1,0,11,1,2,0,0,0,16
경기도 수원시영통구 매탄1동,0,0,3,14,0,0,0,0,0,0,0,0,1,0,0,0,0,0,1
경기도 수원시영통구 매탄2동,0,0,2,33,0,0,0,0,0,0,0,0,0,0,0,0,0,0,0
경기도 수원시영통구 매탄3동,0,0,2,17,0,0,0,0,0,0,0,0,5,0,0,0,0,0,5
경기도 수원시영통구 매탄4동,0,0,0,24,0,0,0,0,0,0,0,0,0,0,0,0,0,0,0
경기도 수원시영통구 매탄동,5,12,32,268,4,0,0,8,0,3,2,0,20,1,6,8,75,2,30
경기도 수원시영통구 신동,1,1,1,4,3,0,0,0,0,0,0,0,1,0,1,0,0,0,1
경기도 수원시영통구 영통1동,0,0,5,9,0,0,0,0,0,0,1,0,4,0,0,0,0,0,3
경기도 수원시영통구 영통2동,0,0,7,17,0,0,0,0,0,0,0,0,3,0,0,0,0,0,2
경기도 수원시영통구 영통동,9,18,33,110,13,0,0,8,0,4,3,0,30,2,5,5,4,2,37
경기도 수원시영통구 원천동,2,3,9,133,2,0,0,4,1,1,2,0,3,0,2,1,11,0,12
경기도 수원시영통구 이의동,9,7,21,204,5,0,0,3,0,2,0,0,8,2,3,6,0,0,18
경기도 수원시영통구 청명남로,0,0,0,0,0,0,0,0,0,0,0,0,0,0,0,0,0,1,0
경기도 수원시영통구 하동,1,1,1,126,1,0,0,1,0,1,0,0,2,0,1,3,0,0,3
경기도 수원시장안구 상광교동,0,0,0,0,0,0,0,0,0,0,0,0,0,0,0,1,0,0,0
경기도 수원시장안구 송죽동,0,6,4,209,2,0,0,2,0,1,2,0,6,1,1,1,29,1,6
경기도 수원시장안구 연무동,2,3,5,159,3,0,0,1,0,0,1,0,6,0,1,0,12,0,5
경기도 수원시장안구 영화동,6,2,11,144,4,0,0,0,0,1,0,0,7,0,1,2,57,0,12
경기도 수원시장안구 율전동,2,2,9,139,5,0,0,2,0,0,0,0,7,0,1,2,8,1,12
경기도 수원시장안구 이목동,0,0,0,25,0,0,0,0,0,2,0,0,0,0,1,0,0,0,0
경기도 수원시장안구 정자1동,0,0,1,21,0,0,0,0,0,0,0,0,2,0,0,0,0,0,5
경기도 수원시장안구 정자2동,0,0,3,10,0,0,0,0,0,0,0,0,4,0,0,0,0,0,4
경기도 수원시장안구 정자3동,0,0,4,9,0,0,0,0,0,0,1,0,4,0,0,0,0,0,4
경기도 수원시장안구 정자동,6,10,20,227,7,0,0,7,1,4,1,0,6,1,2,1,45,1,11
경기도 수원시장안구 조원1동,0,0,1,16,0,0,0,0,0,0,0,0,2,0,0,0,0,0,0
경기도 수원시장안구 조원2동,0,0,1,6,0,0,0,0,0,0,0,0,0,0,0,0,0,0,0
경기도 수원시장안구 조원동,4,9,19,114,2,0,0,5,0,2,0,0,9,2,3,0,37,0,13
경기도 수원시장안구 천천동,4,3,16,113,3,0,0,3,0,3,0,0,12,1,2,0,5,0,13
경기도 수원시장안구 파장동,0,4,6,157,3,0,0,2,0,0,0,0,9,0,1,0,15,0,5
경기도 수원시장안구 하광교동,0,0,1,5,0,0,0,0,0,0,0,0,0,0,0,1,0,0,0
경기도 수원시팔달구 ,0,0,0,5,0,0,0,0,0,0,0,0,0,0,0,0,0,0,0
경기도 수원시팔달구 고등동,1,0,2,133,1,0,0,1,0,2,0,0,0,0,0,0,4,0,0
경기도 수원시팔달구 교동,0,2,1,57,0,0,0,0,0,0,1,0,1,1,0,1,31,1,1
경기도 수원시팔달구 구천동,0,0,0,11,0,0,0,0,0,0,0,0,0,0,0,0,0,0,1
경기도 수원시팔달구 남수동,0,0,0,39,0,0,0,0,0,0,0,0,2,0,0,2,0,0,0
경기도 수원시팔달구 남창동,0,0,0,33,0,0,0,1,0,0,0,0,0,0,0,0,0,0,0
경기도 수원시팔달구 매교동,1,0,0,96,0,0,0,0,0,1,0,0,1,0,1,1,9,0,1
경기도 수원시팔달구 매산로,0,0,0,4,0,0,0,0,0,0,0,0,0,0,0,0,0,0,0
경기도 수원시팔달구 매산로1가,0,2,17,22,2,0,0,0,0,0,0,0,6,0,0,0,44,1,5
경기도 수원시팔달구 매산로2가,0,1,3,32,0,0,0,0,0,0,0,0,3,0,0,0,0,1,3
경기도 수원시팔달구 매산로3가,2,0,3,110,1,0,0,1,0,0,0,0,0,0,0,0,0,0,1
경기도 수원시팔달구 매향동,0,0,0,39,0,0,0,1,0,3,0,0,0,0,2,2,0,0,0
경기도 수원시팔달구 북수동,0,1,4,41,0,0,0,0,0,0,0,0,1,1,0,0,7,0,0
경기도 수원시팔달구 신풍동,0,0,1,35,0,0,0,1,0,0,0,0,1,1,0,1,6,0,1
경기도 수원시팔달구 영동,0,0,2,0,0,0,0,0,0,0,0,0,3,0,0,0,10,1,0
경기도 수원시팔달구 우만1동,0,0,5,5,0,0,0,0,1,0,0,0,6,0,0,0,0,0,1
경기도 수원시팔달구 우만2동,0,0,3,11,0,0,0,0,0,0,0,0,2,0,0,0,0,0,1
경기도 수원시팔달구 우만동,1,6,5,135,2,0,0,3,0,2,0,0,5,1,1,2,23,0,9
경기도 수원시팔달구 인계동,8,7,43,236,15,0,0,2,0,1,7,0,41,1,0,6,52,4,35
경기도 수원시팔달구 장안동,0,0,1,26,1,0,0,0,0,0,0,0,0,0,0,0,0,0,0
경기도 수원시팔달구 정조로,0,0,0,0,0,0,0,0,0,0,0,0,0,0,0,1,0,0,0
경기도 수원시팔달구 중동,2,0,2,3,1,0,0,0,0,0,0,0,1,0,0,0,0,0,1
경기도 수원시팔달구 지동,0,3,4,192,1,0,0,1,1,0,1,0,3,0,0,2,0,0,5
경기도 수원시팔달구 창룡문로,0,0,0,9,0,0,0,0,0,0,0,0,0,0,0,0,0,0,0
경기도 수원시팔달구 팔달로1가,0,0,4,7,0,0,0,0,0,0,0,0,1,0,0,0,8,0,1
경기도 수원시팔달구 팔달로2가,0,1,8,0,0,0,0,0,0,0,1,0,2,0,0,0,0,0,5
경기도 수원시팔달구 팔달로3가,0,1,4,14,0,0,0,0,0,0,0,0,1,0,0,0,0,1,4
경기도 수원시팔달구 화서1동,0,0,7,9,0,0,0,0,0,0,0,0,6,0,0,0,0,0,4
경기도 수원시팔달구 화서2동,0,0,2,3,0,0,0,0,0,0,0,0,1,0,0,0,0,0,4
경기도 수원시팔달구 화서동,6,10,11,191,4,0,0,5,0,3,0,0,8,0,6,2,29,1,13
경기도 시흥시 거모동,1,4,13,97,5,0,0,2,0,1,0,0,3,1,1,8,56,0,6
경기도 시흥시 계수동,0,0,0,16,0,0,0,1,0,0,0,0,0,0,1,0,0,0,0
경기도 시흥시 과림동,0,0,0,34,1,0,0,0,0,1,0,0,0,0,0,0,0,0,0
경기도 시흥시 광석동,0,0,0,8,0,0,0,0,0,0,0,0,0,0,0,0,0,0,0
경기도 시흥시 군자동,0,0,0,12,0,0,0,0,0,0,0,0,0,0,0,0,0,0,0
경기도 시흥시 금이동,0,0,0,13,1,0,0,0,0,0,0,0,0,0,0,0,0,0,0
경기도 시흥시 논곡동,0,1,1,13,0,0,0,1,0,0,0,0,0,0,1,0,0,0,1
경기도 시흥시 능곡동,1,1,5,27,0,0,0,2,0,1,0,0,3,1,1,4,0,0,3
경기도 시흥시 대야동,4,7,20,139,9,0,0,3,1,0,2,0,8,3,1,10,25,2,12
경기도 시흥시 도창동,0,0,0,20,1,0,0,1,0,0,0,0,0,0,0,0,0,0,0
경기도 시흥시 매화동,0,2,3,49,1,0,0,1,0,1,0,0,2,1,1,3,0,0,2
경기도 시흥시 목감동,0,2,5,8,2,0,0,0,0,0,0,0,3,0,0,3,0,0,4
경기도 시흥시 무지내동,0,0,0,13,0,0,0,0,0,1,0,0,0,0,0,0,0,0,0
경기도 시흥시 물왕동,0,0,0,1,1,0,0,0,0,0,0,0,0,0,0,0,0,0,0
경기도 시흥시 미산동,0,0,0,20,1,0,0,0,0,0,0,0,0,0,0,0,0,0,0
경기도 시흥시 방산동,0,0,0,16,0,0,0,0,0,0,0,0,0,0,0,1,0,0,0
경기도 시흥시 산현동,0,0,0,14,0,0,0,0,0,0,0,0,0,0,0,0,0,0,0
경기도 시흥시 신천동,5,10,30,141,10,0,0,3,0,1,0,0,12,1,1,16,46,1,12
경기도 시흥시 신현동,0,0,0,0,0,0,0,0,0,0,0,0,0,0,0,1,0,0,0
경기도 시흥시 안현동,0,0,0,6,0,0,0,0,0,0,0,0,0,0,0,0,0,0,0
경기도 시흥시 연성동,0,0,0,0,0,0,0,0,0,0,0,0,0,0,0,1,0,0,0
경기도 시흥시 월곶동,1,1,6,28,5,0,0,2,0,0,0,0,2,0,1,8,14,0,2
경기도 시흥시 은행동,1,1,8,84,6,0,0,3,0,2,0,0,3,0,2,3,12,0,8
경기도 시흥시 장곡동,1,3,5,15,2,0,0,4,0,1,0,0,2,1,2,3,0,0,4
경기도 시흥시 장현동,0,0,1,4,2,0,0,1,0,0,0,0,1,0,0,3,0,0,1
경기도 시흥시 정왕1동,0,0,7,75,0,0,0,0,0,0,0,0,1,0,0,1,0,0,1
경기도 시흥시 정왕2동,0,0,0,29,0,0,0,0,0,0,0,0,1,0,0,1,0,0,2
경기도 시흥시 정왕3동,0,0,2,85,0,0,0,0,0,0,0,0,0,0,0,1,0,0,1
경기도 시흥시 정왕4동,0,0,2,34,0,0,0,0,0,0,0,0,1,0,0,1,0,0,0
경기도 시흥시 정왕동,9,21,66,41,62,2,0,11,2,5,0,1,16,2,8,57,71,3,38
경기도 시흥시 정왕본동,0,0,1,133,0,0,0,0,0,0,0,0,0,0,0,1,0,0,1
경기도 시흥시 조남동,2,1,3,16,0,0,0,0,0,0,0,0,2,0,0,0,0,0,2
경기도 시흥시 죽율동,0,1,1,24,0,0,0,0,0,0,0,0,0,0,0,0,0,0,0
경기도 시흥시 포동,0,1,1,30,1,0,0,2,0,0,0,0,1,0,0,0,0,0,1
경기도 시흥시 하상동,0,0,1,9,2,0,0,0,0,1,0,0,2,0,1,2,0,0,1
경기도 시흥시 하중동,0,1,2,16,1,0,0,1,0,0,0,0,1,0,0,4,0,0,4
경기도 시흥시 화정동,0,0,0,3,0,0,0,0,0,0,0,0,0,0,0,0,0,0,0
경기도 안산시단원구 ,0,0,0,0,0,0,0,0,1,0,0,0,0,0,0,0,0,0,0
경기도 안산시단원구 고잔2동,0,0,0,0,0,0,0,0,0,0,0,0,0,0,0,1,0,0,0
경기도 안산시단원구 고잔동,9,15,109,168,20,0,0,7,1,4,10,1,34,2,4,29,105,4,42
경기도 안산시단원구 공단복지회관,0,0,0,1,0,0,0,0,0,0,0,0,0,0,0,0,0,0,0
경기도 안산시단원구 단원고,0,0,0,4,0,0,0,0,0,0,0,0,0,0,0,0,0,0,0
경기도 안산시단원구 단원구,0,0,0,1,0,0,0,0,0,0,0,0,0,0,0,0,0,0,0
경기도 안산시단원구 대부남동,0,0,0,25,0,0,0,1,0,0,0,0,0,0,0,0,0,0,0
경기도 안산시단원구 대부동,0,0,0,6,0,0,0,0,0,0,0,0,0,0,0,0,0,0,0
경기도 안산시단원구 대부동동,0,0,0,17,0,0,0,1,0,0,0,0,0,0,0,0,0,0,0
경기도 안산시단원구 대부북동,0,2,2,37,3,0,0,1,0,1,0,0,1,1,1,3,0,0,2
경기도 안산시단원구 목내동,0,0,0,1,1,0,0,0,0,0,0,0,0,0,0,0,0,0,1
경기도 안산시단원구 방아머리,0,0,0,2,0,0,0,0,0,0,0,0,0,0,0,0,0,0,0
경기도 안산시단원구 변전소,0,0,0,1,0,0,0,0,0,0,0,0,0,0,0,0,0,0,0
경기도 안산시단원구 본오동,0,0,0,1,0,0,0,0,0,0,0,0,0,0,0,0,0,0,0
경기도 안산시단원구 사동,0,0,0,1,0,0,0,0,0,0,0,0,0,0,0,0,0,0,0
경기도 안산시단원구 선감동,0,0,0,12,0,0,0,0,0,0,0,0,0,0,0,0,0,0,0
경기도 안산시단원구 선부1동,0,0,0,0,0,0,0,0,0,0,1,0,0,0,0,0,0,0,0
경기도 안산시단원구 선부2동,0,0,1,0,0,0,0,0,0,0,0,0,0,0,0,3,0,0,0
경기도 안산시단원구 선부동,1,9,40,227,7,0,0,6,0,2,2,1,17,1,4,32,77,0,19
경기도 안산시단원구 선부동1,0,0,0,0,0,0,0,0,0,0,0,0,0,0,0,1,0,0,0
경기도 안산시단원구 성곡동,0,0,0,25,3,0,0,0,0,0,0,0,0,0,0,0,0,0,3
경기도 안산시단원구 성포동,0,0,0,0,0,0,0,0,0,0,0,0,0,0,0,2,0,0,0
경기도 안산시단원구 신길동,2,0,5,75,4,0,0,3,0,1,0,0,1,0,1,0,10,0,4
경기도 안산시단원구 엠티브이,0,0,0,53,0,0,0,0,0,0,0,0,0,0,0,0,0,0,0
경기도 안산시단원구 와동,2,2,9,177,13,0,0,3,0,2,0,0,7,0,1,17,10,0,6
경기도 안산시단원구 원곡2동,0,0,1,0,0,0,0,0,0,0,0,0,0,0,0,0,0,0,0
경기도 안산시단원구 원곡동,4,2,29,188,8,0,0,2,0,1,0,0,6,1,2,5,36,1,15
경기도 안산시단원구 원곡본동,0,0,0,0,0,0,0,0,0,0,0,0,0,0,0,1,0,0,0
경기도 안산시단원구 원시동,0,0,1,12,2,0,0,0,0,0,1,0,2,0,0,0,0,0,3
경기도 안산시단원구 월피동,0,0,0,2,0,0,0,0,0,0,0,0,0,0,0,0,0,0,0
경기도 안산시단원구 임시주차장,0,0,0,1,0,0,0,0,0,0,0,0,0,0,0,0,0,0,0
경기도 안산시단원구 초경기도,0,0,1,0,0,0,0,0,0,0,0,0,0,0,0,0,0,0,0
경기도 안산시단원구 초지동,3,6,20,60,2,1,0,4,1,1,1,1,8,1,2,5,39,1,12
경기도 안산시단원구 풍도동,0,0,0,0,0,0,0,1,0,0,0,0,0,0,0,0,0,0,0
경기도 안산시단원구 화정동,0,0,0,8,0,0,0,0,0,0,0,0,0,0,0,0,0,0,0
경기도 안산시상록구 건건동,0,1,5,50,0,0,0,2,0,0,0,0,5,0,0,1,0,0,3
경기도 안산시상록구 고잔동,0,0,0,2,0,0,0,0,0,0,0,0,0,0,0,1,0,0,0
경기도 안산시상록구 남사박,0,0,0,1,0,0,0,0,0,0,0,0,0,0,0,0,0,0,0
경기도 안산시상록구 본오1동,0,0,0,1,0,0,0,0,0,0,0,0,0,0,0,0,0,0,0
경기도 안산시상록구 본오2동,0,0,2,0,0,0,0,0,0,0,0,0,1,0,0,0,0,0,2
경기도 안산시상록구 본오3동,0,0,5,0,0,0,0,0,0,0,1,0,1,0,0,0,0,0,2
경기도 안산시상록구 본오동,5,18,58,313,20,0,0,5,0,3,2,0,18,1,3,17,97,0,22
경기도 안산시상록구 부곡동,0,0,5,148,5,0,1,3,0,2,0,0,4,1,1,9,14,0,4
경기도 안산시상록구 사1동,0,0,1,0,0,0,0,0,0,0,0,0,0,0,0,0,0,0,0
경기도 안산시상록구 사2동,0,0,0,0,0,0,0,0,0,0,0,0,0,0,0,0,0,0,1
경기도 안산시상록구 사동,2,6,13,218,16,1,1,6,0,1,0,0,8,1,4,15,31,0,9
경기도 안산시상록구 사사동,0,0,0,25,0,0,0,0,0,0,0,0,0,0,0,0,0,0,0
경기도 안산시상록구 선부동,0,0,0,1,0,0,0,0,0,0,0,0,0,0,0,0,0,0,0
경기도 안산시상록구 성포동,3,4,12,32,5,0,0,3,0,1,1,0,4,1,1,4,0,0,8
경기도 안산시상록구 수암동,1,1,2,48,3,0,0,1,0,0,0,0,2,0,0,1,6,0,1
경기도 안산시상록구 양상동,0,0,0,16,0,0,0,0,0,0,0,0,0,0,0,0,0,0,0
경기도 안산시상록구 월피동,1,4,10,75,11,0,0,2,0,1,1,0,6,0,2,8,10,0,8
경기도 안산시상록구 이동,1,4,10,112,6,0,1,2,0,1,2,0,6,0,0,5,5,1,10
경기도 안산시상록구 이동 ,1,4,10,112,6,0,1,2,0,1,2,0,6,0,0,1,5,1,10
경기도 안산시상록구 일동,0,2,5,136,6,0,0,1,1,0,0,0,3,2,1,7,18,1,4
경기도 안산시상록구 장상동,1,0,0,29,1,0,0,0,0,2,0,0,0,0,1,0,0,0,0
경기도 안산시상록구 장하동,0,0,0,9,0,0,0,0,0,0,0,0,0,0,0,0,0,0,0
경기도 안산시상록구 팔곡동,0,0,0,4,0,0,0,0,0,0,0,0,0,0,0,0,0,0,0
경기도 안산시상록구 팔곡이동,0,0,0,21,0,0,0,1,0,0,0,0,1,0,0,3,0,0,0
경기도 안산시상록구 팔곡일동,0,0,1,15,0,0,0,0,0,1,0,0,0,0,1,0,0,0,1
경기도 안성시 가사동,3,0,0,5,0,0,0,0,0,0,0,0,0,0,0,1,0,0,0
경기도 안성시 가현동,1,0,0,3,0,0,0,0,0,0,0,0,0,0,0,0,0,0,0
경기도 안성시 계동,1,0,0,4,2,0,0,0,0,0,0,0,0,0,0,0,0,0,0
경기도 안성시 고삼면,0,0,0,6,0,0,0,1,0,0,0,0,0,0,0,0,0,0,0
경기도 안성시 공도읍,5,4,17,136,15,0,0,5,0,1,0,2,9,2,3,6,6,0,11
경기도 안성시 구포동,0,0,0,15,0,0,0,1,0,1,0,0,0,0,0,0,0,0,0
경기도 안성시 금광면,0,1,1,21,0,0,0,3,0,0,0,0,0,0,0,0,0,0,0
경기도 안성시 금산동,0,0,0,52,3,0,0,1,0,1,0,0,0,1,1,1,0,0,0
경기도 안성시 금석동,0,0,0,0,1,0,0,0,0,0,0,0,0,0,0,0,0,0,0
경기도 안성시 낙원동,0,0,0,7,0,0,0,0,0,0,0,0,0,0,1,0,0,0,0
경기도 안성시 당왕동,0,0,1,39,2,0,0,1,0,0,0,0,0,0,2,4,0,0,0
경기도 안성시 대덕면,1,0,0,74,11,0,0,3,0,0,0,0,0,0,0,1,0,0,0
경기도 안성시 대천동,0,0,2,26,0,0,0,0,0,0,0,0,2,0,0,0,0,0,1
경기도 안성시 도기동,2,0,0,7,0,0,0,0,0,0,0,0,0,0,0,2,0,0,0
경기도 안성시 동본동,0,0,0,0,0,0,0,0,0,0,0,0,0,0,0,1,0,0,2
경기도 안성시 명륜동,0,0,0,4,0,0,0,0,0,0,0,0,0,0,0,1,0,0,0
경기도 안성시 미양면,0,0,0,18,5,0,0,3,0,1,0,0,0,0,0,2,0,0,0
경기도 안성시 발화동,0,0,0,0,0,0,0,0,0,1,0,0,0,0,0,0,0,0,0
경기도 안성시 보개면,1,1,0,14,1,0,0,4,0,0,0,0,0,1,0,0,0,0,0
경기도 안성시 봉남동,1,0,0,5,1,0,0,0,0,0,0,0,0,0,1,2,0,0,0
경기도 안성시 봉산동,1,0,0,21,1,0,0,0,0,0,0,0,0,0,0,2,0,0,0
경기도 안성시 사곡동,0,0,0,3,0,0,0,0,0,0,0,0,0,0,0,0,0,0,0
경기도 안성시 삼죽면,0,0,0,28,4,0,0,2,0,0,0,0,0,0,0,0,0,0,0
경기도 안성시 서운면,0,0,0,21,2,0,0,3,0,0,0,0,0,0,1,2,0,0,0
경기도 안성시 서인동,0,1,5,8,0,0,0,0,0,0,1,0,0,0,0,3,5,0,0
경기도 안성시 석정동,1,1,6,38,3,0,0,0,0,0,0,0,4,0,0,5,5,0,6
경기도 안성시 성남동,0,0,0,5,0,0,0,0,0,0,0,0,0,0,0,0,0,0,0
경기도 안성시 신건지동,0,0,0,7,2,0,0,0,0,0,0,1,0,0,0,0,0,0,0
경기도 안성시 신소현동,0,0,0,8,0,0,0,0,0,1,0,0,0,0,0,0,0,0,0
경기도 안성시 신흥동,0,0,0,5,0,0,0,0,0,0,0,0,0,0,0,0,0,0,0
경기도 안성시 아양동,0,0,0,6,0,0,0,1,0,0,0,0,0,0,0,1,0,0,0
경기도 안성시 양성면,1,1,1,13,1,0,0,2,0,0,0,0,0,0,1,0,0,0,0
경기도 안성시 연지동,0,0,1,1,0,0,0,0,0,0,0,0,0,0,0,1,0,0,0
경기도 안성시 영동,1,0,1,3,0,0,0,0,0,0,0,0,0,0,0,1,0,0,0
경기도 안성시 옥산동,0,0,0,6,1,0,0,0,0,0,0,0,0,0,0,0,0,0,0
경기도 안성시 옥천동,0,0,0,1,0,0,0,0,0,0,0,0,0,0,0,0,0,0,0
경기도 안성시 원곡면,1,1,2,9,5,0,0,2,0,0,0,0,0,0,0,0,0,0,0
경기도 안성시 인지동,1,1,3,15,0,0,0,0,0,0,0,0,2,0,0,1,8,0,1
경기도 안성시 일죽면,3,0,0,19,4,0,0,3,0,1,0,0,1,1,1,2,0,0,0
경기도 안성시 죽산면,4,0,0,16,6,0,0,2,0,2,0,0,1,0,2,1,0,0,2
경기도 안성시 중리동,0,0,0,7,0,0,0,0,0,0,0,0,0,0,0,0,0,0,0
경기도 안성시 창전동,0,0,0,1,0,0,0,0,0,0,0,0,0,0,0,1,0,0,0
경기도 안양시 대왕빌라앞삼거리,0,0,0,5,0,0,0,0,0,0,0,0,0,0,0,0,0,0,0
경기도 안양시동안구 갈산동,0,0,0,116,0,0,0,0,0,0,0,0,0,0,0,1,0,0,0
경기도 안양시동안구 관양1동,0,0,3,372,0,0,0,0,0,0,0,0,4,0,0,4,0,0,3
경기도 안양시동안구 관양2동,0,0,1,260,0,0,0,0,0,0,0,0,1,0,0,4,0,0,0
경기도 안양시동안구 관양동,10,12,64,50,26,0,0,6,0,3,4,3,34,1,4,7,33,2,42
경기도 안양시동안구 귀인동,0,0,0,81,0,0,0,0,0,0,0,0,0,0,0,0,0,0,0
경기도 안양시동안구 달안동,0,0,0,47,0,0,0,0,0,0,0,0,0,0,0,0,0,0,0
경기도 안양시동안구 범계동,0,0,2,67,0,0,0,0,0,0,0,0,0,0,0,0,0,0,0
경기도 안양시동안구 부림동,0,0,0,60,0,0,0,0,0,0,0,0,0,0,0,1,0,0,1
경기도 안양시동안구 부흥동,0,0,1,55,0,0,0,0,0,0,0,0,0,0,0,0,0,0,0
경기도 안양시동안구 비산1동,0,0,2,128,0,0,0,0,0,0,0,0,0,0,0,3,0,0,1
경기도 안양시동안구 비산2동,0,0,1,74,0,0,0,0,0,0,0,0,0,0,0,0,0,0,0
경기도 안양시동안구 비산3동,0,0,0,214,0,0,0,0,0,0,0,0,0,0,0,1,0,0,0
경기도 안양시동안구 비산3동산,0,0,0,5,0,0,0,0,0,0,0,0,0,0,0,0,0,0,0
경기도 안양시동안구 비산동,9,8,46,15,7,0,0,7,0,2,2,2,24,1,3,1,35,1,30
경기도 안양시동안구 신촌동,0,0,0,91,0,0,0,0,0,0,0,0,0,0,0,0,0,0,0
경기도 안양시동안구 평안동,0,0,0,68,0,0,0,0,0,0,0,0,0,0,0,0,0,0,0
경기도 안양시동안구 평촌동,8,6,26,130,4,0,0,6,1,2,0,1,13,1,2,1,14,0,21
경기도 안양시동안구 호계1동,0,0,5,176,0,0,0,0,0,0,0,0,2,0,0,1,0,0,2
경기도 안양시동안구 호계2동,0,0,1,189,0,0,0,0,0,0,0,0,1,0,0,4,0,0,2
경기도 안양시동안구 호계3동,0,0,1,100,0,0,0,0,0,0,0,0,0,0,0,1,0,0,1
경기도 안양시동안구 호계동,5,19,87,72,21,0,0,6,1,2,6,2,46,2,6,3,47,1,52
경기도 안양시동안구호계2동,0,0,0,4,0,0,0,0,0,0,0,0,0,0,0,0,0,0,0
경기도 안양시만안구 경기도,0,0,0,77,0,0,0,0,0,0,0,0,0,0,0,0,0,0,0
경기도 안양시만안구 박달1동,0,0,4,160,0,0,0,0,0,0,0,0,3,0,0,3,0,0,4
경기도 안양시만안구 박달2동,0,0,0,130,0,0,0,0,0,0,0,0,0,0,0,2,0,0,2
경기도 안양시만안구 박달동,1,4,10,4,8,0,0,2,0,1,0,0,2,1,0,1,27,0,5
경기도 안양시만안구 석수1동,0,0,2,72,0,0,0,0,0,0,0,0,1,0,0,7,0,0,1
경기도 안양시만안구 석수1동산,0,0,0,5,0,0,0,0,0,0,0,0,0,0,0,0,0,0,0
경기도 안양시만안구 석수2동,0,0,6,223,0,0,0,0,0,0,0,0,3,0,0,6,0,0,1
경기도 안양시만안구 석수3동,0,0,2,136,0,0,0,0,0,0,0,0,0,0,0,2,0,0,3
경기도 안양시만안구 석수동,1,5,9,12,15,0,0,5,0,1,0,1,7,1,2,1,14,0,9
경기도 안양시만안구 안양1동,0,0,20,73,0,0,0,0,0,0,0,0,3,0,0,2,0,0,6
경기도 안양시만안구 안양2동,0,0,4,267,0,0,0,0,0,0,0,0,3,0,0,4,0,0,5
경기도 안양시만안구 안양3동,0,0,3,187,0,0,0,0,0,0,0,0,0,0,0,5,0,0,2
경기도 안양시만안구 안양3동산,0,0,0,3,0,0,0,0,0,0,0,0,0,0,0,0,0,0,0
경기도 안양시만안구 안양4동,0,0,11,65,0,0,0,0,0,0,0,0,4,0,0,2,0,0,3
경기도 안양시만안구 안양5동,0,0,3,140,0,0,0,0,0,0,0,0,1,0,0,2,0,0,0
경기도 안양시만안구 안양6동,0,0,2,210,0,0,0,0,0,0,0,0,0,0,0,3,0,0,4
경기도 안양시만안구 안양7동,0,0,0,88,0,0,0,0,0,0,0,0,0,0,0,3,0,0,1
경기도 안양시만안구 안양8동,0,0,0,174,0,0,0,0,0,0,0,0,1,0,0,3,0,0,2
경기도 안양시만안구 안양9동,0,0,2,161,0,0,0,0,0,0,0,0,0,0,0,6,0,0,0
경기도 안양시만안구 안양동,11,14,47,51,60,2,2,8,2,10,3,0,30,1,7,9,75,5,40
경기도 양주시 가납리,0,0,0,53,0,0,0,0,0,0,0,0,0,0,0,0,0,0,0
경기도 양주시 가업리,0,0,0,5,0,0,0,0,0,0,0,0,0,0,0,0,0,0,0
경기도 양주시 경신리,0,0,0,4,0,0,0,0,0,0,0,0,0,0,0,0,0,0,0
경기도 양주시 고암길,0,0,0,0,0,0,0,0,0,0,0,0,0,0,0,1,0,0,0
경기도 양주시 고암동,1,0,0,159,8,0,0,3,0,1,0,0,0,0,1,6,0,0,0
경기도 양주시 고읍동,0,0,1,13,1,0,0,1,0,0,0,0,0,0,1,0,0,0,0
경기도 양주시 광사동,2,2,15,134,6,0,0,1,0,0,0,0,3,1,0,6,12,0,7
경기도 양주시 광석리,0,0,0,10,0,0,0,0,0,0,0,0,0,0,0,0,0,0,0
경기도 양주시 광적면,5,2,3,33,13,0,0,3,0,0,1,0,1,0,1,20,0,0,2
경기도 양주시 교현리,0,0,0,19,0,0,0,0,0,0,0,0,0,0,0,0,0,0,0
경기도 양주시 기산리,0,0,0,8,0,0,0,0,0,0,0,0,0,0,0,0,0,0,0
경기도 양주시 남면,2,1,2,33,5,0,0,2,0,1,0,0,1,1,1,6,0,0,0
경기도 양주시 남방동,0,0,0,37,2,0,0,0,0,0,0,0,0,0,0,2,0,0,0
경기도 양주시 덕계동,2,2,5,190,9,0,0,3,0,1,1,0,1,1,1,6,6,1,4
경기도 양주시 덕도리,0,0,0,12,0,0,0,0,0,0,0,0,0,0,0,0,0,0,0
경기도 양주시 덕정7길,0,0,0,0,0,0,0,0,0,0,0,0,0,0,0,1,0,0,0
경기도 양주시 덕정동,1,2,8,195,5,0,0,2,0,0,1,0,7,1,2,26,12,0,3
경기도 양주시 도하리,0,0,0,12,0,0,0,0,0,0,0,0,0,0,0,0,0,0,0
경기도 양주시 마전동,0,0,0,16,0,0,0,0,0,0,0,0,0,0,0,0,0,0,0
경기도 양주시 만송동,0,0,0,62,2,0,0,1,0,1,0,0,0,0,0,2,0,0,0
경기도 양주시 방성리,0,0,0,45,0,0,0,0,0,0,0,0,0,0,0,0,0,0,0
경기도 양주시 백석읍,2,0,1,65,10,0,0,4,0,1,0,0,2,1,1,2,6,0,4
경기도 양주시 복지리,0,0,0,18,0,0,0,0,0,0,0,0,0,0,0,0,0,0,0
경기도 양주시 봉암리,0,0,0,18,0,0,0,0,0,0,0,0,0,0,0,0,0,0,0
경기도 양주시 봉양동,0,0,0,16,3,0,0,0,0,0,0,0,0,0,0,0,0,0,0
경기도 양주시 부곡리,0,0,0,3,0,0,0,0,0,0,0,0,0,0,0,0,0,0,0
경기도 양주시 비암리,0,0,0,14,0,0,0,0,0,0,0,0,0,0,0,0,0,0,0
경기도 양주시 산북동,0,0,0,33,3,0,0,1,0,0,0,0,0,0,0,0,0,0,0
경기도 양주시 삼상리,0,0,0,5,0,0,0,0,0,0,0,0,0,0,0,0,0,0,0
경기도 양주시 삼숭동,0,1,4,46,6,0,0,2,0,1,0,0,2,1,1,0,0,0,3
경기도 양주시 삼하리,0,0,0,8,0,0,0,0,0,0,0,0,0,0,0,0,0,0,0
경기도 양주시 상수리,0,0,0,23,0,0,0,0,0,0,0,0,0,0,0,0,0,0,0
경기도 양주시 석우리,0,0,0,20,0,0,0,0,0,0,0,0,0,0,0,0,0,0,0
경기도 양주시 석현리,0,0,0,6,0,0,0,0,0,0,0,0,0,0,0,0,0,0,0
경기도 양주시 선암리,0,0,0,17,0,0,0,0,0,0,0,0,0,0,0,0,0,0,0
경기도 양주시 신산리,0,0,0,37,0,0,0,0,0,0,0,0,0,0,0,0,0,0,0
경기도 양주시 신암리,0,0,0,8,0,0,0,0,0,0,0,0,0,0,0,0,0,0,0
경기도 양주시 어둔동,0,0,0,0,0,0,0,0,0,0,0,0,0,0,0,2,0,0,0
경기도 양주시 연곡리,0,0,0,15,0,0,0,0,0,0,0,0,0,0,0,0,0,0,0
경기도 양주시 옥정동,0,0,1,0,2,0,0,1,0,1,0,0,1,0,1,0,0,0,1
경기도 양주시 용암리,0,0,0,24,0,0,0,0,0,0,0,0,0,0,0,0,0,0,0
경기도 양주시 우고리,0,0,0,6,0,0,0,0,0,0,0,0,0,0,0,0,0,0,0
경기도 양주시 울대리,0,0,0,11,0,0,0,0,0,0,0,0,0,0,0,0,0,0,0
경기도 양주시 유양동,0,0,0,32,1,0,0,1,0,0,0,0,0,0,0,0,0,0,0
경기도 양주시 율정동,0,0,0,27,0,0,0,1,0,0,0,0,0,0,0,2,0,0,0
경기도 양주시 은현면,2,0,0,14,4,0,0,3,0,0,0,0,1,0,0,6,0,0,0
경기도 양주시 일영리,0,0,0,24,0,0,0,0,0,0,0,0,0,0,0,0,0,0,0
경기도 양주시 장흥면,0,0,0,17,6,0,0,2,0,0,0,0,1,0,0,14,0,0,0
경기도 양주시 하패리,0,0,0,13,0,0,0,0,0,0,0,0,0,0,0,0,0,0,0
경기도 양주시 한산리,0,0,0,9,0,0,0,0,0,0,0,0,0,0,0,0,0,0,0
경기도 양주시 홍죽리,0,0,0,29,0,0,0,0,0,0,0,0,0,0,0,0,0,0,0
경기도 양주시 화합로,0,0,0,0,0,0,0,0,0,0,0,0,0,0,0,1,0,0,0
경기도 양주시 황방리,0,0,0,9,0,0,0,0,0,0,0,0,0,0,0,0,0,0,0
경기도 양주시 회암동,0,0,0,21,2,0,0,0,0,0,0,0,0,0,0,0,0,0,0
경기도 양주시 회정동,2,0,0,60,4,0,0,1,0,0,1,1,0,0,0,0,0,0,0
경기도 양주시 회정로,0,0,0,0,0,0,0,0,0,0,0,0,0,0,0,1,0,0,0
경기도 양주시 회천3동,0,0,0,4,0,0,0,0,0,0,0,0,0,0,0,0,0,0,0
경기도 양주시 효촌리,0,0,0,10,0,0,0,0,0,0,0,0,0,0,0,0,0,0,0
경기도 양평군 강상면,0,0,0,60,3,0,0,2,0,0,0,0,0,0,0,0,0,0,0
경기도 양평군 강하면,0,1,0,32,0,0,0,1,0,0,1,0,0,0,1,0,0,0,0
경기도 양평군 개군면,0,1,0,55,0,0,0,1,0,0,0,0,1,0,1,0,0,0,0
경기도 양평군 단월면,0,1,0,44,0,0,1,1,0,0,0,0,0,0,1,0,0,0,0
경기도 양평군 서종면,1,1,3,58,0,0,0,3,0,0,0,0,3,0,1,0,0,0,1
경기도 양평군 양동면,0,1,1,69,1,0,0,2,0,1,0,0,0,1,1,0,0,0,0
경기도 양평군 양서면,2,4,3,160,2,0,0,3,0,2,0,0,3,1,2,0,0,0,2
경기도 양평군 양평읍,8,1,26,187,11,1,0,3,0,2,2,0,12,2,2,6,6,0,18
경기도 양평군 옥천면,0,0,1,60,4,0,0,1,0,0,0,0,3,0,0,0,0,0,0
경기도 양평군 용문면,2,2,7,103,9,0,0,3,0,1,0,0,4,1,1,0,0,0,4
경기도 양평군 용문명,0,0,0,0,0,0,0,0,0,0,0,0,0,0,0,0,0,0,1
경기도 양평군 지평면,0,0,2,61,1,0,0,2,0,1,0,0,2,1,1,0,0,0,0
경기도 양평군 청운면,0,1,0,48,1,0,0,1,0,1,0,0,1,0,1,0,0,0,0
경기도 여주군 여주읍,0,0,0,0,0,0,0,0,0,0,0,0,0,0,0,0,20,0,0
경기도 여주시 가남읍,0,1,6,49,9,0,0,4,0,1,2,0,4,0,1,1,0,0,3
경기도 여주시 강천면,0,0,1,37,0,0,0,2,0,0,0,0,0,0,1,0,0,0,0
경기도 여주시 교동,0,0,1,9,2,0,0,1,0,1,0,0,1,0,1,1,0,0,0
경기도 여주시 금사면,0,1,1,21,0,0,0,1,0,0,0,0,0,0,0,0,0,0,0
경기도 여주시 능서면,0,1,1,24,1,0,0,3,0,1,0,0,1,0,2,1,0,0,0
경기도 여주시 능현동,0,0,0,5,0,0,0,0,0,0,0,0,0,0,0,0,0,0,0
경기도 여주시 대신면,0,0,1,18,2,0,0,3,0,2,0,0,0,0,2,0,0,0,1
경기도 여주시 매룡동,0,0,0,2,0,0,0,0,0,0,0,0,0,0,0,0,0,0,0
경기도 여주시 멱곡동,0,0,0,2,0,0,0,0,0,0,0,0,0,0,0,0,0,0,0
경기도 여주시 북내면,1,0,1,18,0,0,0,3,0,1,0,0,0,0,1,1,0,0,0
경기도 여주시 산북면,0,0,0,11,0,0,0,1,0,0,0,0,0,0,1,0,0,0,0
경기도 여주시 삼교동,0,0,0,2,0,0,0,0,0,0,0,0,0,0,0,0,0,0,0
경기도 여주시 상거동,0,0,0,2,0,0,0,0,0,0,0,0,0,0,0,0,0,0,0
경기도 여주시 상동,0,1,1,45,3,0,0,1,0,1,0,0,0,1,1,1,0,0,0
경기도 여주시 연라동,0,0,0,4,1,0,0,0,0,0,0,0,0,0,0,0,0,0,0
경기도 여주시 연양동,0,0,0,1,0,0,0,0,0,0,0,0,0,0,0,0,0,0,0
경기도 여주시 오금동,0,0,0,2,0,0,0,0,0,0,0,0,0,0,0,0,0,0,0
경기도 여주시 오학동,1,0,1,10,2,0,0,1,0,0,0,0,0,0,0,0,0,0,0
경기도 여주시 월송동,0,0,0,12,1,0,0,1,0,0,0,0,0,0,0,0,0,0,0
경기도 여주시 점동면,0,0,1,10,3,0,0,1,0,1,0,0,0,0,1,0,0,0,0
경기도 여주시 점봉동,0,0,0,18,4,0,0,1,0,0,0,0,0,0,0,0,0,0,1
경기도 여주시 창동,1,1,7,20,3,0,0,1,0,0,1,0,2,0,0,2,0,0,5
경기도 여주시 천송동,0,0,0,7,3,0,0,0,0,0,0,0,1,1,0,0,0,0,0
경기도 여주시 하거동,0,0,0,3,0,0,0,0,0,0,0,0,0,0,0,0,0,0,0
경기도 여주시 하동,4,0,1,34,3,1,0,0,0,0,1,0,4,1,0,0,0,0,3
경기도 여주시 현암동,0,0,1,11,2,0,0,0,0,0,0,0,1,0,0,0,0,0,3
경기도 여주시 홍문동,4,3,21,26,4,0,0,0,0,0,0,0,8,0,0,1,0,0,15
경기도 여주시 흥천면,0,0,0,13,0,0,0,2,0,1,0,0,0,0,2,0,0,0,0
경기도 연천군 군남면,0,0,0,43,0,0,0,2,0,0,0,0,0,0,1,0,0,0,0
경기도 연천군 미산면,0,0,0,29,0,0,0,1,0,0,0,0,0,0,0,0,0,0,0
경기도 연천군 백학면,0,0,0,25,2,0,0,2,0,0,0,0,0,0,1,0,0,0,0
경기도 연천군 신서면,0,0,1,31,0,0,0,1,0,0,0,0,0,0,1,0,0,0,0
경기도 연천군 연천읍,2,1,3,85,2,0,1,3,0,1,0,0,1,0,1,1,0,0,2
경기도 연천군 왕징면,0,0,0,16,0,0,0,0,0,0,0,0,0,0,0,0,0,0,0
경기도 연천군 장남면,0,0,0,7,0,0,0,0,0,0,0,0,0,0,0,0,0,0,0
경기도 연천군 전곡읍,5,1,10,244,7,0,0,3,0,1,0,0,6,0,1,7,0,0,10
경기도 연천군 청산면,0,1,0,69,3,0,0,3,0,0,0,0,0,0,1,0,0,0,0
경기도 오산시 가수동,0,0,0,23,0,0,0,2,0,0,0,0,0,0,0,0,6,0,0
경기도 오산시 가장동,0,0,0,12,2,0,0,0,0,0,0,0,0,0,0,0,0,0,0
경기도 오산시 갈곶동,2,2,2,61,1,0,0,1,0,0,1,0,2,0,0,0,0,0,4
경기도 오산시 고현동,0,1,1,12,0,0,0,1,0,0,0,0,0,0,0,0,0,0,2
경기도 오산시 궐동,2,2,5,198,18,0,0,1,0,0,0,0,2,0,1,0,4,1,4
경기도 오산시 금암동,1,3,10,85,1,1,0,3,0,1,0,0,3,0,1,0,0,0,6
경기도 오산시 내삼미동,1,0,0,55,3,0,0,1,0,0,0,0,0,0,0,0,0,0,0
경기도 오산시 누읍동,0,0,3,27,1,0,0,0,0,0,0,0,1,1,0,0,0,0,2
경기도 오산시 두곡동,0,0,0,4,0,0,0,0,0,0,0,0,0,0,0,0,0,0,0
경기도 오산시 벌음동,0,0,0,12,0,0,0,0,0,0,0,0,0,0,0,0,0,0,0
경기도 오산시 부산동,0,0,0,34,1,0,0,1,0,1,0,0,1,0,0,0,0,0,2
경기도 오산시 서동,0,0,0,10,1,0,0,0,0,0,0,0,0,0,0,0,0,0,0
경기도 오산시 서랑동,0,0,0,8,0,0,0,0,0,0,0,0,0,0,0,0,0,0,0
경기도 오산시 세교동,0,0,0,62,1,0,0,1,0,1,0,0,1,1,1,0,0,0,0
경기도 오산시 수청동,0,2,4,135,3,0,0,3,0,1,0,0,0,0,1,0,0,0,2
경기도 오산시 양산동,0,1,2,47,4,0,0,1,0,0,0,0,0,1,0,0,0,0,1
경기도 오산시 오산동,2,7,37,204,5,0,0,3,1,0,1,1,16,1,1,0,16,1,23
경기도 오산시 오산리,0,0,0,7,0,0,0,0,0,0,0,0,0,0,0,0,0,0,0
경기도 오산시 옥정동,0,0,0,8,0,0,0,0,0,0,0,0,0,0,0,0,0,0,0
경기도 오산시 외삼미동,0,0,0,38,0,0,0,1,0,0,0,0,0,0,0,0,0,0,0
경기도 오산시 운암리,0,0,0,11,0,0,0,0,0,0,0,0,0,0,0,0,0,0,0
경기도 오산시 원동,5,6,28,167,11,0,0,4,1,2,0,0,9,1,3,0,20,2,18
경기도 오산시 은계동,0,0,0,38,3,0,0,0,0,0,0,0,1,0,0,0,0,0,0
경기도 오산시 지곶동,0,0,0,4,0,0,0,0,0,0,0,0,0,0,0,0,0,0,0
경기도 오산시 청학동,0,0,0,36,1,0,0,0,0,2,0,0,0,1,1,0,0,0,0
경기도 오산시 청호동,0,0,0,12,2,0,0,0,0,0,0,0,0,0,0,0,0,0,0
경기도 오산시 탑동,0,0,0,4,0,0,0,0,0,0,0,0,0,0,0,0,0,0,0
경기도 용인시기흥구 고매동,0,0,1,15,5,0,0,0,0,0,0,0,0,0,0,0,6,0,0
경기도 용인시기흥구 공세동,0,2,3,58,3,0,0,3,0,0,0,0,1,0,0,0,12,0,2
경기도 용인시기흥구 구갈동,3,5,23,162,13,0,0,4,0,1,0,0,9,1,1,1,0,5,17
경기도 용인시기흥구 농서동,0,0,0,7,1,0,0,0,0,1,0,0,1,0,0,0,0,0,1
경기도 용인시기흥구 동백동,3,2,11,69,0,0,0,3,0,2,0,0,3,0,2,0,0,0,7
경기도 용인시기흥구 마북동,3,4,13,87,6,0,0,4,0,1,1,0,7,0,1,0,0,0,9
경기도 용인시기흥구 보라동,3,3,14,59,3,0,0,2,0,1,0,1,7,1,2,0,0,1,7
경기도 용인시기흥구 보정동,7,2,31,118,4,1,0,3,0,1,0,2,10,0,2,0,20,1,15
경기도 용인시기흥구 상갈동,1,2,3,59,3,0,0,2,0,1,0,1,4,0,1,1,0,0,4
경기도 용인시기흥구 상하동,0,0,3,61,6,0,0,2,0,0,1,0,3,0,1,0,0,0,3
경기도 용인시기흥구 서천동,2,1,2,66,7,0,0,2,0,0,0,0,3,0,1,0,0,0,4
경기도 용인시기흥구 신갈동,3,5,21,167,8,0,0,3,1,1,0,0,8,1,4,1,24,0,12
경기도 용인시기흥구 언남동,2,1,10,46,2,0,0,2,0,0,1,0,5,1,1,1,0,0,6
경기도 용인시기흥구 언동로,0,0,0,3,0,0,0,0,0,0,0,0,0,0,0,0,0,0,0
경기도 용인시기흥구 영덕동,4,3,17,82,7,0,0,3,0,1,1,1,7,1,1,0,6,0,13
경기도 용인시기흥구 중동,4,1,25,128,4,0,0,4,0,1,1,0,11,0,2,0,0,1,13
경기도 용인시기흥구 지곡동,1,0,0,26,1,0,0,1,0,0,0,0,0,0,0,0,0,0,0
경기도 용인시기흥구 청덕동,0,2,5,56,4,0,0,1,0,1,0,0,2,0,1,0,0,0,2
경기도 용인시기흥구 하갈동,0,0,1,29,0,0,0,0,0,0,0,0,0,0,0,0,0,0,0
경기도 용인시수지구 ,0,0,0,4,0,0,0,0,0,0,0,0,0,0,0,0,0,0,0
경기도 용인시수지구 고기동,0,0,0,35,0,0,0,1,0,0,0,0,1,0,0,0,0,0,0
경기도 용인시수지구 동천동,3,2,14,66,2,0,0,3,0,0,0,1,9,1,2,0,6,0,12
경기도 용인시수지구 상현1동,0,0,1,0,0,0,0,0,0,0,0,0,1,0,0,0,0,0,2
경기도 용인시수지구 상현동,8,11,44,162,5,0,0,7,0,2,1,0,19,1,2,1,10,0,24
경기도 용인시수지구 성복동,5,4,24,48,4,0,0,2,0,1,0,1,9,0,2,0,0,0,18
경기도 용인시수지구 신봉동,4,3,12,81,1,0,0,5,0,2,0,0,7,0,2,0,0,0,8
경기도 용인시수지구 죽전1동,0,0,0,0,0,0,0,0,0,0,0,0,1,0,0,0,0,0,0
경기도 용인시수지구 죽전동,7,7,32,200,4,0,0,8,0,3,1,0,17,1,4,1,11,0,18
경기도 용인시수지구 풍덕천1동,0,0,1,0,0,0,0,0,0,0,0,0,0,0,0,0,0,0,0
경기도 용인시수지구 풍덕천2동,0,0,1,0,0,0,0,0,0,0,0,0,1,0,0,0,0,0,2
경기도 용인시수지구 풍덕천동,5,10,48,245,3,1,0,6,0,2,1,0,19,1,4,3,67,0,28
경기도 용인시처인구 ,0,0,1,0,0,0,0,0,0,0,0,0,0,0,0,0,0,0,0
경기도 용인시처인구 고림동,0,0,1,44,11,1,0,1,0,1,1,0,1,0,1,0,0,0,1
경기도 용인시처인구 김량장동,4,7,50,138,20,0,0,2,0,0,1,0,13,0,2,7,40,1,26
경기도 용인시처인구 남동,1,0,1,14,4,0,0,0,0,1,0,0,0,0,1,0,0,0,0
경기도 용인시처인구 남사면,0,0,1,46,2,0,0,3,0,0,0,0,1,0,1,0,0,0,0
경기도 용인시처인구 마평동,2,0,2,63,6,0,0,1,0,0,1,0,2,0,0,1,11,0,2
경기도 용인시처인구 명지로,0,0,0,5,0,0,0,0,0,0,0,0,0,0,0,0,0,0,0
경기도 용인시처인구 모현면,2,1,5,87,17,0,0,3,0,1,0,0,3,1,1,0,11,0,3
경기도 용인시처인구 백암면,5,0,2,83,3,0,0,4,0,1,1,0,2,0,1,0,0,0,2
경기도 용인시처인구 삼가동,2,2,2,41,2,0,0,1,0,0,0,0,1,0,0,1,0,0,2
경기도 용인시처인구 양지면,1,0,2,83,11,0,0,3,0,0,0,0,3,0,1,0,0,0,3
경기도 용인시처인구 역북동,1,1,1,129,10,0,0,1,1,1,0,0,3,1,0,0,0,0,2
경기도 용인시처인구 운학동,0,0,0,9,0,0,0,1,0,0,0,0,0,0,0,0,0,0,0
경기도 용인시처인구 원삼면,1,0,1,42,0,0,0,3,0,0,0,0,0,0,2,0,0,0,1
경기도 용인시처인구 유방동,1,1,1,69,3,0,0,1,0,0,0,0,1,0,0,0,0,0,2
경기도 용인시처인구 이동면,0,1,5,103,7,0,0,3,0,1,0,0,3,0,2,0,0,0,3
경기도 용인시처인구 포곡읍,4,3,7,165,23,0,0,3,0,2,0,0,6,1,2,1,0,0,8
경기도 용인시처인구 해곡동,0,0,0,4,0,0,0,0,0,0,0,0,0,0,0,0,0,0,0
경기도 의왕시 갈미2로,0,0,0,1,0,0,0,0,0,0,0,0,0,0,0,0,0,0,0
경기도 의왕시 경수대로,0,0,0,1,0,0,0,0,0,0,0,0,0,0,0,0,0,0,0
경기도 의왕시 계원대학로,0,0,0,2,0,0,0,0,0,0,0,0,0,0,0,0,0,0,0
경기도 의왕시 고천동,0,0,5,56,2,1,0,1,0,2,0,0,0,1,0,5,0,0,1
경기도 의왕시 내손1동,0,0,1,2,0,0,0,0,0,0,0,0,0,0,0,1,0,0,0
경기도 의왕시 내손2동,0,0,1,0,0,0,0,0,0,0,0,0,1,0,0,12,0,0,2
경기도 의왕시 내손동,3,5,18,304,12,0,0,4,0,1,0,0,9,1,1,13,12,0,12
경기도 의왕시 내손동4143,0,0,0,0,0,0,0,0,0,0,0,0,1,0,0,0,0,0,0
경기도 의왕시 내손동6434,0,0,0,0,0,0,0,0,0,0,0,0,1,0,0,0,0,0,0
경기도 의왕시 내손로,0,0,0,2,0,0,0,0,0,0,0,0,0,0,0,0,0,0,0
경기도 의왕시 부곡동,0,0,0,2,0,0,0,0,0,0,0,0,0,0,0,7,0,0,0
경기도 의왕시 삼동,2,7,13,207,9,0,0,2,0,1,0,0,6,0,0,5,0,0,5
경기도 의왕시 오전동,2,5,11,226,6,0,0,3,0,1,1,0,5,1,3,14,9,0,8
경기도 의왕시 오전로,0,0,0,1,0,0,0,0,0,0,0,0,0,0,0,0,0,0,0
경기도 의왕시 왕곡동,0,1,2,106,1,0,0,1,0,0,1,0,1,0,0,3,0,0,2
경기도 의왕시 원골로,0,0,0,2,0,0,0,0,0,0,0,0,0,0,0,0,0,0,0
경기도 의왕시 월암동,0,0,0,119,1,0,0,0,0,0,0,0,0,0,1,0,0,0,0
경기도 의왕시 이동,0,0,0,34,1,0,0,0,0,0,0,0,0,0,0,0,0,0,0
경기도 의왕시 청계동,1,1,2,101,0,0,0,1,0,0,0,0,2,0,1,3,0,0,2
경기도 의왕시 초평동,0,0,0,61,0,0,0,0,0,0,0,0,0,0,0,0,0,0,0
경기도 의왕시 포일동,2,1,7,99,6,0,0,1,0,0,0,0,0,0,1,5,0,0,4
경기도 의왕시 포일로,0,0,0,3,0,0,0,0,0,0,0,0,0,0,0,0,0,0,0
경기도 의왕시 학의동,0,0,0,43,0,0,0,0,0,0,0,0,0,0,0,4,0,0,0
경기도 의왕시 효행로,0,0,0,3,0,0,0,0,0,0,0,0,0,0,0,0,0,0,0
경기도 의정부시 가눙동,0,0,0,5,0,0,0,0,0,0,0,0,0,0,0,0,0,0,0
경기도 의정부시 가능1동,0,0,4,0,0,0,0,0,0,0,1,0,3,0,0,0,0,0,1
경기도 의정부시 가능2동,0,0,2,0,0,0,0,0,0,0,0,0,0,0,0,0,0,0,1
경기도 의정부시 가능3동,0,0,2,0,0,0,0,0,0,0,0,0,0,0,0,0,0,0,1
경기도 의정부시 가능동,2,4,9,318,16,0,0,2,0,6,1,0,1,0,5,16,41,1,5
경기도 의정부시 고산동,0,0,0,13,0,0,0,1,0,0,0,0,0,0,0,0,0,0,0
경기도 의정부시 금오동,3,7,22,121,7,0,0,2,1,0,2,0,6,0,2,4,9,0,12
경기도 의정부시 낙양동,0,0,4,43,5,0,0,1,0,1,0,0,2,0,1,0,0,0,3
경기도 의정부시 녹양동,2,6,9,77,9,0,0,2,0,2,0,0,5,1,1,1,11,1,6
경기도 의정부시 민락동,4,6,22,211,17,1,0,4,0,2,0,0,4,0,3,0,5,0,11
경기도 의정부시 산곡동,0,0,0,10,0,0,0,0,0,0,0,0,0,0,0,0,0,0,0
경기도 의정부시 신곡1동,0,0,8,0,0,0,0,0,0,0,0,0,5,0,0,0,0,0,4
경기도 의정부시 신곡2동,0,0,3,1,0,0,0,0,0,0,1,0,3,0,0,0,0,0,3
경기도 의정부시 신곡동,4,7,17,238,20,1,0,8,1,2,1,0,4,1,3,6,12,2,8
경기도 의정부시 용현동,3,2,19,99,8,0,0,3,0,1,1,0,8,0,1,0,30,0,9
경기도 의정부시 의정부1동,0,0,35,0,0,0,0,0,0,0,0,0,8,0,0,0,0,0,12
경기도 의정부시 의정부2동,0,0,7,0,0,0,0,0,1,0,0,0,3,0,0,0,0,0,5
경기도 의정부시 의정부3동,0,0,2,0,0,0,0,0,0,0,0,0,3,0,0,0,0,0,1
경기도 의정부시 의정부동,10,14,45,536,51,0,0,3,0,1,6,0,17,1,0,10,125,5,27
경기도 의정부시 장암동,1,2,6,35,4,0,0,2,0,0,0,0,3,0,1,3,6,0,3
경기도 의정부시 호원1동,0,0,5,0,0,0,0,0,0,0,1,0,3,0,0,0,0,0,1
경기도 의정부시 호원2동,0,0,10,0,0,0,0,0,0,0,1,0,7,0,0,0,0,0,5
경기도 의정부시 호원동,3,7,23,124,23,0,0,4,0,2,1,0,8,1,3,5,22,0,16
경기도 이천시 갈산동,1,1,2,20,3,0,0,0,0,1,0,0,1,0,0,0,0,0,1
경기도 이천시 고담동,0,0,0,8,1,0,0,0,0,0,0,0,0,0,0,0,0,0,0
경기도 이천시 관고동,1,0,2,88,5,0,0,0,1,1,0,0,5,0,1,5,14,0,2
경기도 이천시 단월동,1,0,0,10,1,0,0,1,0,0,0,0,0,0,0,0,0,0,0
경기도 이천시 대월면,1,0,0,115,12,0,0,2,0,0,0,0,1,0,2,0,0,0,1
경기도 이천시 대포동,0,0,0,10,0,0,0,0,0,0,0,0,0,0,0,0,0,0,0
경기도 이천시 마장면,0,0,1,118,17,0,1,2,0,1,0,0,1,0,1,1,0,0,1
경기도 이천시 모가면,3,0,1,89,6,0,0,2,0,0,0,0,0,0,1,0,0,0,0
경기도 이천시 백사면,0,0,1,101,4,0,0,2,0,0,0,0,2,0,1,1,0,0,0
경기도 이천시 부발읍,2,2,10,173,9,0,1,5,0,1,0,0,4,1,2,0,0,0,8
경기도 이천시 사음동,0,0,0,7,2,0,0,0,0,1,0,0,0,0,0,0,0,0,0
경기도 이천시 설성면,3,1,1,150,2,0,0,2,0,1,0,0,1,0,1,0,0,0,0
경기도 이천시 송정동,0,0,2,39,2,0,0,1,0,0,0,0,2,0,1,0,0,0,2
경기도 이천시 신둔면,1,0,1,141,7,0,0,2,0,1,0,0,1,0,0,1,0,0,1
경기도 이천시 안흥동,0,0,0,33,3,0,0,1,0,1,0,0,0,0,1,0,0,0,0
경기도 이천시 율면,0,0,0,74,1,0,0,1,0,1,0,0,0,0,1,0,0,0,0
경기도 이천시 율현동,0,0,0,3,0,0,0,0,0,0,0,0,0,0,0,0,0,0,0
경기도 이천시 이천읍,0,0,0,6,0,0,0,0,0,0,0,0,0,0,0,0,0,0,0
경기도 이천시 장록동,0,0,0,3,1,0,0,0,0,0,0,0,0,0,0,0,0,0,0
경기도 이천시 장호원,0,0,0,2,0,0,0,0,0,0,0,0,0,0,0,0,0,0,0
경기도 이천시 장호원읍,3,1,11,215,11,0,0,4,0,2,1,0,3,1,1,9,0,0,5
경기도 이천시 중리동,5,4,21,85,8,1,0,1,0,0,1,0,6,1,0,9,27,0,7
경기도 이천시 증일동,0,0,0,7,0,0,0,0,0,0,0,0,0,0,0,0,0,0,0
경기도 이천시 증포동,1,2,3,63,1,0,0,2,0,1,0,0,2,0,1,3,28,1,2
경기도 이천시 진리동,1,0,1,9,1,0,0,0,0,0,1,0,0,0,0,0,0,0,0
경기도 이천시 창전동,4,4,39,181,21,0,0,2,0,0,1,0,13,1,1,31,0,1,24
경기도 이천시 호법면,0,0,0,90,5,0,0,2,0,0,0,1,0,0,0,0,0,0,0
경기도 전곡읍 전곡리,0,0,0,5,0,0,0,0,0,0,0,0,0,0,0,0,0,0,0
경기도 파주시 ,0,0,0,40,0,0,0,0,0,0,0,0,0,0,0,0,0,0,0
경기도 파주시 가람마을,0,0,0,2,0,0,0,0,0,0,0,0,0,0,0,0,0,0,0
경기도 파주시 가야리,0,0,0,8,0,0,0,0,0,0,0,0,0,0,0,0,0,0,0
경기도 파주시 가월리,0,0,0,19,0,0,0,0,0,0,0,0,0,0,0,0,0,0,0
경기도 파주시 갈현리,0,0,0,6,0,0,0,0,0,0,0,0,0,0,0,0,0,0,0
경기도 파주시 검산동,0,0,0,17,2,0,0,1,0,0,0,0,0,0,0,0,0,0,0
경기도 파주시 광탄면,0,0,4,13,7,0,0,3,0,2,1,0,2,0,1,1,0,0,2
경기도 파주시 교하동,0,0,0,13,0,0,0,1,0,0,0,0,0,0,0,0,0,0,0
경기도 파주시 구읍2리,0,0,0,4,0,0,0,0,0,0,0,0,0,0,0,0,0,0,0
경기도 파주시 구읍리,0,0,0,1,0,0,0,0,0,0,0,0,0,0,0,0,0,0,0
경기도 파주시 군내면,0,0,0,0,0,0,0,2,0,0,0,0,0,0,0,0,0,0,0
경기도 파주시 금능동,0,0,0,11,0,0,1,0,0,0,0,0,0,0,0,0,4,0,0
경기도 파주시 금릉동,0,0,2,2,0,0,1,0,0,1,0,0,0,0,1,1,0,0,1
경기도 파주시 금승리,0,0,0,17,0,0,0,0,0,0,0,0,0,0,0,0,0,0,0
경기도 파주시 금정24길,0,0,0,6,0,0,0,0,0,0,0,0,0,0,0,0,0,0,0
경기도 파주시 금정28길,0,0,0,5,0,0,0,0,0,0,0,0,0,0,0,0,0,0,0
경기도 파주시 금정2길,0,0,0,2,0,0,0,0,0,0,0,0,0,0,0,0,0,0,0
경기도 파주시 금정로,0,0,0,5,0,0,0,0,0,0,0,0,0,0,0,0,0,0,0
경기도 파주시 금촌1동,0,0,10,20,0,0,0,0,0,0,0,0,3,0,0,0,0,0,3
경기도 파주시 금촌2동,0,0,4,10,0,0,0,0,1,0,0,0,1,0,0,0,0,0,4
경기도 파주시 금촌동,8,8,29,225,13,0,0,6,0,0,4,1,18,1,1,16,11,1,19
경기도 파주시 금파리,0,0,0,4,0,0,0,0,0,0,0,0,0,0,0,0,0,0,0
경기도 파주시 내포리,0,0,0,19,0,0,0,0,0,0,0,0,0,0,0,0,0,0,0
경기도 파주시 뇌조리,0,0,0,16,0,0,0,0,0,0,0,0,0,0,0,0,0,0,0
경기도 파주시 늘노리,0,0,0,9,0,0,0,0,0,0,0,0,0,0,0,0,0,0,0
경기도 파주시 능산1리,0,0,0,2,0,0,0,0,0,0,0,0,0,0,0,0,0,0,0
경기도 파주시 능산2리,0,0,0,2,0,0,0,0,0,0,0,0,0,0,0,0,0,0,0
경기도 파주시 능산리,0,0,0,4,0,0,0,0,0,0,0,0,0,0,0,0,0,0,0
경기도 파주시 능안리,0,0,0,6,0,0,0,0,0,0,0,0,0,0,0,0,0,0,0
경기도 파주시 다락고개길,0,0,0,1,0,0,0,0,0,0,0,0,0,0,0,0,0,0,0
경기도 파주시 다율동,1,0,0,41,2,0,0,1,0,0,0,0,0,1,0,0,0,0,0
경기도 파주시 당동리,0,0,0,37,0,0,0,0,0,0,0,0,0,0,0,0,0,0,0
경기도 파주시 당하동,0,0,0,12,0,0,0,0,0,0,0,0,0,0,0,0,0,0,0
경기도 파주시 대능리,0,0,0,13,0,0,0,0,0,0,0,0,0,0,0,0,0,0,0
경기도 파주시 대원리,0,0,0,42,0,0,0,0,0,0,0,0,0,0,0,0,0,0,0
경기도 파주시 덕은1리,0,0,0,2,0,0,0,0,0,0,0,0,0,0,0,0,0,0,0
경기도 파주시 덕은2리,0,0,0,3,0,0,0,0,0,0,0,0,0,0,0,0,0,0,0
경기도 파주시 덕은4리,0,0,0,10,0,0,0,0,0,0,0,0,0,0,0,0,0,0,0
경기도 파주시 덕은리,0,0,0,9,0,0,0,0,0,0,0,0,0,0,0,0,0,0,0
경기도 파주시 도감로,0,0,0,4,0,0,0,0,0,0,0,0,0,0,0,0,0,0,0
경기도 파주시 도내1리,0,0,0,2,0,0,0,0,0,0,0,0,0,0,0,0,0,0,0
경기도 파주시 독암길,0,0,0,3,0,0,0,0,0,0,0,0,0,0,0,0,0,0,0
경기도 파주시 동문리,0,0,0,4,0,0,0,0,0,0,0,0,0,0,0,0,0,0,0
경기도 파주시 동산길,0,0,0,2,0,0,0,0,0,0,0,0,0,0,0,0,0,0,0
경기도 파주시 동패동,4,4,28,163,5,0,0,5,0,2,1,0,12,1,3,0,0,0,16
경기도 파주시 두지리,0,0,0,2,0,0,0,0,0,0,0,0,0,0,0,0,0,0,0
경기도 파주시 두포리,0,0,0,4,0,0,0,0,0,0,0,0,0,0,0,0,0,0,0
경기도 파주시 등원리,0,0,0,11,0,0,0,0,0,0,0,0,0,0,0,0,0,0,0
경기도 파주시 마산리,0,0,0,3,0,0,0,0,0,0,0,0,0,0,0,0,0,0,0
경기도 파주시 마정로,0,0,0,3,0,0,0,0,0,0,0,0,0,0,0,0,0,0,0
경기도 파주시 마정리,0,0,0,10,0,0,0,0,0,0,0,0,0,0,0,0,0,0,0
경기도 파주시 마지1리,0,0,0,17,0,0,0,0,0,0,0,0,0,0,0,0,0,0,0
경기도 파주시 마지리,0,0,0,15,0,0,0,0,0,0,0,0,0,0,0,0,0,0,0
경기도 파주시 만우리,0,0,0,7,0,0,0,0,0,0,0,0,0,0,0,0,0,0,0
경기도 파주시 맥금동,0,0,0,0,0,0,0,0,0,0,0,0,0,0,0,1,0,0,0
경기도 파주시 목동동,6,4,12,120,5,0,0,3,0,1,2,0,3,1,1,0,0,0,7
경기도 파주시 문발동,0,1,2,74,9,0,0,1,0,0,0,0,2,0,0,0,0,0,1
경기도 파주시 문산로,0,0,0,1,0,0,0,0,0,0,0,0,0,0,0,0,0,0,0
경기도 파주시 문산리,0,0,0,71,0,0,0,0,0,0,0,0,0,0,0,0,0,0,0
경기도 파주시 문산읍,4,3,20,12,13,0,0,6,0,2,2,2,12,2,3,6,10,0,15
경기도 파주시 문향로,0,0,0,4,0,0,0,0,0,0,0,0,0,0,0,0,0,0,0
경기도 파주시 반구정로,0,0,0,2,0,0,0,0,0,0,0,0,0,0,0,0,0,0,0
경기도 파주시 백연리,0,0,0,2,0,0,0,0,0,0,0,0,0,0,0,0,0,0,0
경기도 파주시 법원리,0,0,0,49,0,0,0,0,0,0,0,0,0,0,0,1,0,0,0
경기도 파주시 법원읍,1,1,4,6,1,1,1,3,0,1,1,0,3,1,2,7,0,0,3
경기도 파주시 법흥리,0,0,0,83,0,0,0,0,0,0,0,0,0,0,0,0,0,0,0
경기도 파주시 베리고개,0,0,0,1,0,0,0,0,0,0,0,0,0,0,0,0,0,0,0
경기도 파주시 봉서리,0,0,0,4,0,0,0,0,0,0,0,0,0,0,0,0,0,0,0
경기도 파주시 봉암리,0,0,0,7,0,0,0,0,0,0,0,0,0,0,0,0,0,0,0
경기도 파주시 봉일천리,0,0,0,41,0,0,0,0,0,0,0,0,0,0,0,0,0,0,0
경기도 파주시 분수리,0,0,0,12,0,0,0,0,0,0,0,0,0,0,0,0,0,0,0
경기도 파주시 산남동,0,0,0,2,0,0,0,0,0,0,0,0,1,0,0,0,0,0,0
경기도 파주시 상지석동,0,0,0,16,3,0,0,0,0,0,0,0,0,0,0,0,0,0,0
경기도 파주시 서패동,0,0,0,4,0,0,0,0,0,0,0,0,0,0,0,0,0,0,0
경기도 파주시 선유리,0,0,0,61,0,0,0,0,0,0,0,0,0,0,0,0,0,0,0
경기도 파주시 설마리,0,0,0,2,0,0,0,0,0,0,0,0,0,0,0,0,0,0,0
경기도 파주시 성동로,0,0,0,1,0,0,0,0,0,0,0,0,0,0,0,0,0,0,0
경기도 파주시 성동리,0,0,0,16,0,0,0,0,0,0,0,0,0,0,0,0,0,0,0
경기도 파주시 송촌동,0,0,0,20,1,0,0,0,0,0,0,0,0,0,0,0,0,0,0
경기도 파주시 송학1길,0,0,0,3,0,0,0,0,0,0,0,0,0,0,0,0,0,0,0
경기도 파주시 송학2길,0,0,0,3,0,0,0,0,0,0,0,0,0,0,0,0,0,0,0
경기도 파주시 송화로,0,0,0,2,0,0,0,0,0,0,0,0,0,0,0,0,0,0,0
경기도 파주시 식현1리,0,0,0,1,0,0,0,0,0,0,0,0,0,0,0,0,0,0,0
경기도 파주시 식현리,0,0,0,1,0,0,0,0,0,0,0,0,0,0,0,0,0,0,0
경기도 파주시 신산리,0,0,0,49,0,0,0,0,0,0,0,0,0,0,0,0,0,0,0
경기도 파주시 신촌동,0,0,0,2,4,0,0,0,0,0,0,0,0,0,0,0,0,0,0
경기도 파주시 심궁로,0,0,0,2,0,0,0,0,0,0,0,0,0,0,0,0,0,0,0
경기도 파주시 아동동,1,3,4,37,5,0,0,1,0,0,0,0,1,1,0,4,4,0,3
경기도 파주시 아동로,0,0,0,6,0,0,0,0,0,0,0,0,0,0,0,0,0,0,0
경기도 파주시 야당동,4,5,6,144,7,0,0,3,0,1,0,0,4,1,1,1,0,0,8
경기도 파주시 야동동,0,0,0,15,1,0,0,0,0,1,0,0,0,0,1,0,0,0,0
경기도 파주시 어유지1리,0,0,0,2,0,0,0,0,0,0,0,0,0,0,0,0,0,0,0
경기도 파주시 어유지리,0,0,0,3,0,0,0,0,0,0,0,0,0,0,0,0,0,0,0
경기도 파주시 연풍리,0,0,0,21,0,0,0,0,0,0,0,0,0,0,0,0,0,0,0
경기도 파주시 영태1리,0,0,0,1,0,0,0,0,0,0,0,0,0,0,0,0,0,0,0
경기도 파주시 영태2리,0,0,0,1,0,0,0,0,0,0,0,0,0,0,0,0,0,0,0
경기도 파주시 영태4리,0,0,0,3,0,0,0,0,0,0,0,0,0,0,0,0,0,0,0
경기도 파주시 영태5리,0,0,0,2,0,0,0,0,0,0,0,0,0,0,0,0,0,0,0
경기도 파주시 영태6리,0,0,0,3,0,0,0,0,0,0,0,0,0,0,0,0,0,0,0
경기도 파주시 영태리,0,0,0,13,0,0,0,0,0,0,0,0,0,0,0,0,0,0,0
경기도 파주시 오산리,0,0,0,5,0,0,0,0,0,0,0,0,0,0,0,0,0,0,0
경기도 파주시 와동동,2,2,15,263,5,0,0,3,0,0,0,0,6,1,2,1,0,0,10
경기도 파주시 용미리,0,0,0,8,0,0,0,0,0,0,0,0,0,0,0,0,0,0,0
경기도 파주시 우계로,0,0,0,2,0,0,0,0,0,0,0,0,0,0,0,0,0,0,0
경기도 파주시 운정1동,0,0,0,18,0,0,0,0,0,0,0,0,0,0,0,0,0,0,0
경기도 파주시 운정2동,0,0,0,22,0,0,0,0,0,0,0,0,0,0,0,0,0,0,0
경기도 파주시 운정3동,0,0,0,104,0,0,0,0,0,0,0,0,0,0,0,0,0,0,0
경기도 파주시 운정로,0,0,0,1,0,0,0,0,0,0,0,0,0,0,0,0,0,0,0
경기도 파주시 운천1리,0,0,0,2,0,0,0,0,0,0,0,0,0,0,0,0,0,0,0
경기도 파주시 운천4리,0,0,0,2,0,0,0,0,0,0,0,0,0,0,0,0,0,0,0
경기도 파주시 운천리,0,0,0,5,0,0,0,0,0,0,0,0,0,0,0,0,0,0,0
경기도 파주시 웅담리,0,0,0,5,0,0,0,0,0,0,0,0,0,0,0,0,0,0,0
경기도 파주시 월롱면,1,0,0,2,2,0,0,2,0,1,0,0,0,0,1,3,0,0,1
경기도 파주시 위전1리,0,0,0,4,0,0,0,0,0,0,0,0,0,0,0,0,0,0,0
경기도 파주시 위전2리,0,0,0,3,0,0,0,0,0,0,0,0,0,0,0,0,0,0,0
경기도 파주시 위전3리,0,0,0,2,0,0,0,0,0,0,0,0,0,0,0,0,0,0,0
경기도 파주시 위전리,0,0,0,4,0,0,0,0,0,0,0,0,0,0,0,0,0,0,0
경기도 파주시 율곡리,0,0,0,7,0,0,0,0,0,0,0,0,0,0,0,0,0,0,0
경기도 파주시 이천리,0,0,0,6,0,0,0,0,0,0,0,0,0,0,0,0,0,0,0
경기도 파주시 임진리,0,0,0,4,0,0,0,0,0,0,0,0,0,0,0,0,0,0,0
경기도 파주시 자장리,0,0,0,6,0,0,0,0,0,0,0,0,0,0,0,0,0,0,0
경기도 파주시 장곡리,0,0,0,15,0,0,0,0,0,0,0,0,0,0,0,0,0,0,0
경기도 파주시 장산리,0,0,0,7,0,0,0,0,0,0,0,0,0,0,0,0,0,0,0
경기도 파주시 장파리,0,0,0,3,0,0,0,0,0,0,0,0,0,0,0,0,0,0,0
경기도 파주시 적성면,2,0,5,12,1,0,0,3,0,1,0,0,2,1,2,2,0,0,3
경기도 파주시 적암리,0,0,0,2,0,0,0,0,0,0,0,0,0,0,0,0,0,0,0
경기도 파주시 정담길,0,0,0,3,0,0,0,0,0,0,0,0,0,0,0,0,0,0,0
경기도 파주시 조리읍,2,2,9,16,8,0,0,4,0,1,0,0,4,1,1,0,4,0,7
경기도 파주시 창만리,0,0,0,5,0,0,0,0,0,0,0,0,0,0,0,0,0,0,0
경기도 파주시 축현리,0,0,0,10,0,0,0,0,0,0,0,0,0,0,0,0,0,0,0
경기도 파주시 탄현면,0,1,2,16,11,0,0,4,0,0,1,1,1,0,1,1,0,0,1
경기도 파주시 파발로,0,0,0,3,0,0,0,0,0,0,0,0,0,0,0,0,0,0,0
경기도 파주시 파주리,0,0,0,20,0,0,0,0,0,0,0,0,0,0,0,0,0,0,0
경기도 파주시 파주시,0,0,0,3,0,0,0,0,0,0,0,0,0,0,0,0,0,0,0
경기도 파주시 파주읍,1,1,2,1,6,0,0,2,0,2,0,0,2,0,2,0,0,0,1
경기도 파주시 파평면,0,0,0,2,0,0,0,3,0,0,0,0,0,0,1,0,0,0,0
경기도 파주시 향양리,0,0,0,13,0,0,0,0,0,0,0,0,0,0,0,0,0,0,0
경기도 파주시 휴암로,0,0,0,2,0,0,0,0,0,0,0,0,0,0,0,0,0,0,0
경기도 평택시 가재동,0,0,0,17,1,0,0,2,0,0,0,0,0,0,0,0,0,0,0
경기도 평택시 고덕면,1,1,1,78,2,0,0,4,0,0,1,0,0,0,0,0,0,0,0
경기도 평택시 군문동,0,0,1,13,1,0,0,2,0,0,0,0,0,0,0,0,0,0,0
경기도 평택시 노와이주단지,0,0,0,2,0,0,0,0,0,0,0,0,0,0,0,0,0,0,0
경기도 평택시 도일동,0,0,0,21,1,0,0,0,0,0,0,0,0,0,0,0,0,0,0
경기도 평택시 독곡동,0,0,2,26,2,0,0,0,0,0,1,0,0,0,0,1,0,0,1
경기도 평택시 동삭동,0,0,4,49,4,0,0,2,0,0,0,0,0,0,0,3,0,0,1
경기도 평택시 모곡동,0,0,0,18,0,0,0,0,0,0,0,0,0,0,0,0,0,0,0
경기도 평택시 비전1동,0,0,2,15,0,0,0,0,0,0,0,0,0,0,0,0,0,0,1
경기도 평택시 비전2동,0,0,2,27,0,0,0,0,0,0,0,0,3,0,0,0,0,0,0
경기도 평택시 비전동,9,2,20,294,23,0,0,8,0,0,3,1,21,1,3,12,46,2,18
경기도 평택시 서정동,5,7,21,304,30,1,0,8,0,0,0,0,9,1,1,17,26,1,16
경기도 평택시 서탄면,0,0,0,72,6,0,0,4,0,0,0,0,0,0,0,0,0,0,0
경기도 평택시 세교동,0,1,1,102,4,0,0,2,1,0,0,0,2,0,0,2,6,0,1
경기도 평택시 소사동,0,0,0,20,1,0,0,0,0,0,0,0,0,0,0,0,0,0,0
경기도 평택시 송북동,0,0,0,7,0,0,0,0,0,0,0,0,0,0,0,0,0,0,0
경기도 평택시 신대동,0,0,0,7,0,0,0,0,0,0,0,0,0,0,0,2,0,0,0
경기도 평택시 신대동407-21,0,0,0,2,0,0,0,0,0,0,0,0,0,0,0,0,0,0,0
경기도 평택시 신장1동,0,0,0,2,0,0,0,0,0,0,0,0,0,0,0,0,0,0,0
경기도 평택시 신장2동,0,0,1,8,0,0,0,0,0,0,0,0,0,0,0,0,0,0,0
경기도 평택시 신장동,0,2,10,149,11,0,0,2,0,0,0,0,2,0,0,22,0,0,3
경기도 평택시 안정2리,0,0,0,4,0,0,0,0,0,0,0,0,0,0,0,0,0,0,0
경기도 평택시 안정리,0,0,0,0,0,0,0,0,0,0,0,0,0,0,0,3,0,0,0
경기도 평택시 안중리,0,0,0,0,0,0,0,0,0,0,0,0,0,0,0,1,0,0,0
경기도 평택시 안중읍,7,7,28,254,18,0,0,2,0,0,3,0,10,1,4,16,0,1,11
경기도 평택시 오성면,1,0,1,44,1,0,0,4,0,0,0,0,1,1,1,0,0,0,0
경기도 평택시 용이동,1,0,3,115,12,0,0,2,0,0,0,0,3,0,0,0,0,0,3
경기도 평택시 원평동,0,0,0,22,0,0,0,0,0,0,0,0,0,0,0,0,0,0,0
경기도 평택시 월곡동,0,0,0,5,0,0,0,0,0,0,0,0,0,0,0,0,0,0,0
경기도 평택시 유천동,0,0,0,7,0,0,0,0,0,0,0,0,0,0,0,0,0,0,0
경기도 평택시 이충동,2,0,13,136,8,0,0,4,0,0,1,0,8,0,2,3,18,0,7
경기도 평택시 장당동,0,0,0,35,2,0,0,2,1,0,1,0,0,1,2,0,10,0,1
경기도 평택시 장안동,0,0,0,25,1,0,0,0,0,0,0,0,0,0,1,0,0,0,0
경기도 평택시 죽백동,0,0,0,53,1,0,0,2,0,0,0,0,0,0,0,0,0,0,0
경기도 평택시 지산동,4,4,14,180,14,0,0,4,0,0,1,0,8,1,2,7,42,0,7
경기도 평택시 지제동,1,0,0,6,5,0,0,0,0,0,0,0,0,0,0,0,0,0,0
경기도 평택시 진위면,1,0,1,182,6,0,0,6,0,0,0,0,2,0,1,0,0,2,1
경기도 평택시 청룡동,0,0,0,7,1,0,0,0,0,0,0,0,0,0,0,0,0,0,0
경기도 평택시 청북면,0,2,4,0,0,0,0,0,0,0,0,0,1,0,0,0,0,0,4
경기도 평택시 청북읍,3,1,4,190,16,0,0,8,0,0,0,0,2,1,4,0,0,0,0
경기도 평택시 칠괴동,0,0,0,11,1,0,0,0,0,0,0,0,0,0,0,0,0,0,0
경기도 평택시 칠원동,0,0,0,13,2,0,0,0,0,0,0,0,0,0,0,0,0,0,0
경기도 평택시 통복동,1,5,12,130,4,0,0,0,0,0,0,0,7,0,0,6,13,0,3
경기도 평택시 팽성읍,2,4,7,278,12,1,0,4,0,0,0,0,4,1,1,6,0,0,6
경기도 평택시 평택동,4,2,39,133,5,0,0,0,1,0,0,0,6,0,0,6,23,0,19
경기도 평택시 포승읍,0,2,4,265,19,0,0,6,0,0,0,0,2,0,1,4,0,0,4
경기도 평택시 합정동,3,5,16,164,15,0,0,0,1,0,2,0,6,0,0,11,22,2,4
경기도 평택시 현덕면,1,0,0,72,1,0,0,1,0,0,0,0,0,0,0,0,0,0,0
경기도 포천시 가산면,0,0,1,31,5,0,0,3,0,0,0,0,1,1,1,1,0,0,2
경기도 포천시 관인면,3,0,0,21,1,0,0,2,0,1,0,0,0,0,1,0,0,0,0
경기도 포천시 군내면,2,0,0,30,2,0,0,1,0,1,0,0,0,0,0,0,0,0,0
경기도 포천시 내촌면,1,0,1,19,9,0,0,1,0,0,0,0,0,0,1,1,0,0,1
경기도 포천시 동교동,0,0,0,4,2,0,0,0,0,0,0,0,0,0,0,0,0,0,0
경기도 포천시 선단동,0,0,1,42,10,0,0,1,0,0,0,0,1,0,0,0,0,0,2
경기도 포천시 설운동,1,0,0,1,1,0,0,0,0,0,0,0,0,0,0,0,0,0,0
경기도 포천시 소흘읍,4,1,20,123,28,0,0,6,1,2,1,0,8,1,4,9,12,0,13
경기도 포천시 신북면,2,0,0,49,11,0,0,3,0,0,0,0,0,1,3,0,0,0,0
경기도 포천시 신읍동,4,2,18,82,15,0,0,2,1,1,1,0,6,1,0,20,4,0,8
경기도 포천시 어룡동,0,0,0,7,1,0,0,0,0,0,0,0,0,0,0,0,0,0,0
경기도 포천시 영북면,1,0,4,47,7,0,0,1,0,1,0,0,2,1,1,1,0,0,3
경기도 포천시 영중면,1,0,1,38,3,0,0,3,0,0,0,0,1,1,1,1,0,0,1
경기도 포천시 이동면,0,0,1,34,4,0,0,3,0,0,0,0,1,0,1,1,0,0,1
경기도 포천시 일동면,1,1,5,72,3,0,0,2,0,1,0,0,3,1,1,5,0,0,3
경기도 포천시 자작동,0,0,0,3,0,0,0,0,0,0,0,0,0,0,0,0,0,0,0
경기도 포천시 창수면,0,0,0,23,0,0,0,1,0,0,0,0,0,0,0,0,0,0,0
경기도 포천시 포천동,0,0,0,3,0,0,0,0,0,0,0,0,0,0,0,0,0,0,0
경기도 포천시 화현면,0,0,0,22,1,0,0,2,0,0,1,0,0,0,0,0,0,0,0
경기도 하남시 감북동,0,0,0,16,2,0,0,0,0,0,0,0,0,0,0,0,0,0,0
경기도 하남시 감이동,0,0,0,4,0,0,0,0,0,0,0,0,0,0,0,0,0,0,0
경기도 하남시 감일동,0,1,0,22,0,0,0,1,0,0,0,0,0,0,0,0,0,0,0
경기도 하남시 검단산로,0,0,0,1,0,0,0,0,0,0,0,0,0,0,0,0,0,0,0
경기도 하남시 광암동,0,0,0,18,0,0,0,0,0,0,0,0,0,0,0,0,0,0,0
경기도 하남시 교산동,0,0,0,13,1,0,0,0,0,0,0,0,0,0,0,0,0,0,0
경기도 하남시 나룰초등학교,0,0,0,1,0,0,0,0,0,0,0,0,0,0,0,0,0,0,0
경기도 하남시 노적봉,0,0,0,1,0,0,0,0,0,0,0,0,0,0,0,0,0,0,0
경기도 하남시 대청로,0,0,0,1,0,0,0,0,0,0,0,0,0,0,0,0,0,0,0
경기도 하남시 덕풍1동,0,0,0,54,0,0,0,0,0,0,0,0,0,0,0,0,0,0,0
경기도 하남시 덕풍2동,0,0,0,101,0,0,0,0,0,0,0,0,0,0,0,0,0,0,0
경기도 하남시 덕풍3동,0,0,0,90,0,0,0,0,0,0,0,0,0,0,0,0,0,0,0
경기도 하남시 덕풍동,6,4,37,125,6,0,0,4,0,2,1,1,17,1,3,17,87,1,18
경기도 하남시 덕풍서로,0,0,0,1,0,0,0,0,0,0,0,0,0,0,0,0,0,0,0
경기도 하남시 덕풍천서로,0,0,0,1,0,0,0,0,0,0,0,0,0,0,0,0,0,0,0
경기도 하남시 망월동,7,3,26,4,3,0,0,1,0,2,0,0,8,0,0,0,0,0,10
경기도 하남시 미사동,0,0,0,10,0,0,0,0,0,0,0,0,0,0,0,0,0,0,0
경기도 하남시 미사동로,0,0,0,1,0,0,0,0,0,0,0,0,0,0,0,0,0,0,0
경기도 하남시 배알미동,0,0,0,6,0,0,0,0,0,0,0,0,0,0,0,0,0,0,0
경기도 하남시 벽산아파트,0,0,0,1,0,0,0,0,0,0,0,0,0,0,0,0,0,0,0
경기도 하남시 상사창동,0,0,0,11,0,0,0,0,0,0,0,0,0,0,0,0,0,0,0
경기도 하남시 상산곡동,0,0,0,23,1,0,0,0,0,0,0,0,0,0,0,0,0,0,0
경기도 하남시 선동,0,0,1,7,2,0,0,1,0,0,0,0,0,0,2,0,0,0,0
경기도 하남시 신장1동,0,0,0,47,0,0,0,0,0,0,0,0,0,0,0,0,0,0,0
경기도 하남시 신장2동,0,0,0,62,0,0,0,0,0,0,0,0,0,0,0,0,0,0,0
경기도 하남시 신장동,7,4,37,104,5,0,0,4,0,1,3,2,15,1,3,8,55,0,21
경기도 하남시 신장사거리,0,0,0,1,0,0,0,0,0,0,0,0,0,0,0,0,0,0,0
경기도 하남시 유진사우나,0,0,0,1,0,0,0,0,0,0,0,0,0,0,0,0,0,0,0
경기도 하남시 조정대로,0,0,0,1,0,0,0,0,0,0,0,0,0,0,0,0,0,0,0
경기도 하남시 창우동,0,1,2,74,1,0,0,2,0,2,0,0,1,0,1,4,0,0,3
경기도 하남시 천현동,1,0,0,52,2,0,0,0,0,0,0,0,0,0,0,1,0,1,0
경기도 하남시 천현로,0,0,0,1,0,0,0,0,0,0,0,0,0,0,0,0,0,0,0
경기도 하남시 초이동,0,0,0,39,4,0,0,0,0,0,0,0,2,0,0,1,0,0,0
경기도 하남시 초일동,0,0,0,22,0,0,0,0,0,0,0,0,0,0,0,0,0,0,0
경기도 하남시 춘궁동,0,0,0,44,1,0,0,0,0,0,0,0,0,0,0,0,0,0,0
경기도 하남시 풍산동,0,0,0,21,1,0,0,0,0,0,0,0,0,0,0,0,4,0,0
경기도 하남시 하사창동,0,0,0,21,2,0,0,1,0,0,0,0,0,0,0,0,0,0,0
경기도 하남시 하산곡동,0,0,1,55,2,0,0,1,0,0,0,0,0,0,0,0,0,0,0
경기도 하남시 학암동,0,0,0,4,2,0,0,1,0,0,0,0,0,0,1,0,0,0,0
경기도 하남시 한솔솔파크체육관,0,0,0,1,0,0,0,0,0,0,0,0,0,0,0,0,0,0,0
경기도 하남시 항동,0,0,0,7,0,0,0,0,0,0,0,0,0,0,0,1,0,0,0
경기도 화성시 ,0,0,0,84,0,0,0,0,0,0,0,0,0,0,0,0,0,0,0
경기도 화성시 기배동,0,0,0,26,0,0,0,0,0,0,0,0,0,0,0,0,0,0,0
경기도 화성시 기산동,0,0,0,20,0,0,0,0,0,0,0,0,0,0,1,0,0,0,0
경기도 화성시 기안동,0,0,2,21,1,0,0,1,0,1,0,0,3,0,1,0,0,0,2
경기도 화성시 남양동,5,0,4,4,0,0,0,0,0,0,0,0,4,0,0,1,0,0,7
경기도 화성시 남양읍,2,3,15,74,19,0,0,3,0,1,0,1,3,1,1,4,0,0,2
경기도 화성시 능동,3,5,15,7,5,1,0,3,0,1,1,0,7,1,2,4,9,0,9
경기도 화성시 능동11131,0,0,1,0,0,0,0,0,0,0,0,0,0,0,0,0,0,0,0
경기도 화성시 동탄1동,0,0,0,49,0,0,0,0,0,0,0,0,0,0,0,0,0,0,0
경기도 화성시 동탄2동,0,0,0,125,0,0,0,0,0,0,0,0,0,0,0,0,0,0,0
경기도 화성시 동탄3동,0,0,0,67,0,0,0,0,0,0,0,0,0,0,0,0,0,0,0
경기도 화성시 동탄면,0,0,0,25,15,0,0,0,0,0,0,0,0,0,0,3,0,0,1
경기도 화성시 마도면,1,0,0,42,11,0,0,2,0,0,0,0,0,0,1,2,0,1,0
경기도 화성시 매송면,0,0,1,52,2,0,0,2,0,0,0,0,0,0,0,0,0,0,0
경기도 화성시 무송동,0,0,0,1,0,0,0,0,0,0,0,0,0,0,0,0,0,0,0
경기도 화성시 반송동,9,11,56,27,12,0,0,6,0,4,4,4,25,1,2,22,22,0,27
경기도 화성시 반월동,2,2,10,40,2,0,0,4,0,1,0,0,5,0,2,0,0,0,6
경기도 화성시 반정동,0,0,0,5,5,0,0,0,0,0,0,0,0,0,0,0,0,0,0
경기도 화성시 배양동,0,0,0,11,1,0,0,1,0,0,0,0,0,0,0,0,0,0,0
경기도 화성시 병점동,4,3,18,71,6,0,0,5,0,2,0,0,10,1,2,4,16,2,14
경기도 화성시 봉담읍,6,4,26,199,27,0,0,7,0,1,0,1,10,1,3,10,23,0,17
경기도 화성시 비봉면,1,0,1,54,6,0,0,2,0,1,0,0,1,0,1,3,0,0,1
경기도 화성시 서신면,0,0,1,78,2,0,0,3,0,0,0,0,1,0,1,9,0,0,0
경기도 화성시 석우동,0,1,0,1,6,0,0,2,1,1,1,1,1,0,1,2,6,0,4
경기도 화성시 송산동,0,1,1,13,7,0,0,1,1,0,0,0,2,0,1,5,0,0,2
경기도 화성시 송산면,1,0,4,81,5,0,0,3,0,1,0,0,1,1,1,9,0,0,3
경기도 화성시 시동,0,0,0,1,0,0,0,0,0,0,0,0,0,0,0,0,0,0,0
경기도 화성시 신남동,0,0,0,1,0,0,0,0,0,0,0,0,0,0,0,0,0,0,0
경기도 화성시 안녕동,0,1,3,17,6,0,0,1,0,0,0,0,1,1,0,10,0,0,1
경기도 화성시 양감면,1,0,0,63,10,0,0,2,0,0,0,0,0,0,1,0,0,0,0
경기도 화성시 영천동,3,3,10,0,2,0,0,1,0,0,1,0,3,0,1,0,0,0,8
경기도 화성시 오산동,0,1,4,3,4,0,0,1,0,0,0,0,3,0,0,0,0,0,4
경기도 화성시 우정읍,6,1,8,116,14,0,0,3,0,2,0,0,6,1,2,10,0,0,6
경기도 화성시 장안면,1,1,0,121,21,0,0,5,0,0,0,0,0,0,1,0,0,0,0
경기도 화성시 정남면,1,0,2,167,17,0,0,2,0,0,0,0,1,1,1,0,0,1,4
경기도 화성시 진안동,3,4,23,106,12,0,0,2,0,0,1,0,6,0,1,8,19,2,10
경기도 화성시 청계동,1,2,15,0,2,0,0,5,0,1,0,1,8,0,2,0,0,0,10
경기도 화성시 팔탄면,1,1,1,82,22,0,0,3,0,0,1,0,1,0,0,4,0,0,2
경기도 화성시 향남읍,6,9,33,398,21,0,0,9,1,4,1,1,12,2,4,17,23,0,21
경기도 화성시 향남읍평리,0,0,1,0,0,0,0,0,0,0,0,0,0,0,0,0,0,0,0
경기도 화성시 화산동,0,0,0,56,0,0,0,0,0,0,0,0,0,0,0,0,0,0,0
경기도 화성시 황계동,0,0,0,3,0,0,0,0,0,0,0,0,0,0,0,0,0,0,0
성남시 분당구 동원동,0,0,0,1,0,0,0,0,0,0,0,0,0,0,0,0,0,0,0
성남시 중원구 하대원동1431,0,0,1,0,0,0,0,0,0,0,0,0,0,0,0,0,0,0,0
수원시 권선구 호매실동,0,0,0,0,0,0,0,0,0,0,0,0,1,0,0,0,0,0,0
오산시 궐동,0,0,0,0,0,0,0,0,0,0,0,0,0,0,0,10,0,0,0
오산시 세교동,0,0,0,0,0,0,0,0,0,0,0,0,0,0,0,2,0,0,0
오산시 수청동,0,0,0,0,0,0,0,0,0,0,0,0,0,0,0,3,0,0,0
오산시 양산동,0,0,0,0,0,0,0,0,0,0,0,0,0,0,0,1,0,0,0
오산시 오산동,0,0,0,0,0,0,0,0,0,0,0,0,0,0,0,8,0,0,0
오산시 원동,0,0,0,0,0,0,0,0,0,0,0,0,0,0,0,7,0,0,0
오산시 은계동,0,0,0,0,0,0,0,0,0,0,0,0,0,0,0,1,0,0,0
오산시 청학동,0,0,0,0,0,0,0,0,0,0,0,0,0,0,0,1,0,0,0
인천광역시 강화군 강화읍,0,0,0,0,0,0,0,0,0,0,0,0,0,0,0,0,0,1,0
